,ROWID,timestamp,matches
0,1,6/15/2020 4:15,296.3|296.24|296.35|296.36|296.36|296.29|296.29
1,2,6/15/2020 4:16,296.74|296.71|296.72|296.75
2,3,6/15/2020 4:17,296.3|296.24|296.29|296.22|296.29
3,4,6/15/2020 4:18,296.64|296.61
4,5,6/15/2020 4:19,296.3|296.35|296.36|296.36|296.29|296.29
5,6,6/15/2020 4:20,296.3|296.35|296.36|296.36
6,7,6/15/2020 4:21,296.3|296.35|296.36|296.36
7,8,6/15/2020 4:22,296.3|296.24|296.35|296.29|296.29
8,9,6/15/2020 4:23,296.24|296.22
9,10,6/15/2020 4:24,295.99|295.96
10,11,6/15/2020 4:25,295.99|295.96
11,12,6/15/2020 4:26,296.11
12,13,6/15/2020 4:27,296.43|296.45
13,14,6/15/2020 4:28,296.3|296.24|296.35|296.29|296.29
14,15,6/15/2020 4:29,296.64|296.61|296.55
15,16,6/15/2020 4:30,296.74|296.71|296.72|296.75
16,17,6/15/2020 4:31,296.61|296.55
17,18,6/15/2020 4:32,296.43|296.45
18,19,6/15/2020 4:33,296.74|296.71|296.72|296.75
19,20,6/15/2020 4:34,296.94|296.97|296.89|296.94|297.0|296.95
20,21,6/15/2020 4:35,296.83|296.85|296.89
21,22,6/15/2020 4:36,296.74|296.71|296.72|296.75
22,23,6/15/2020 4:37,296.83|296.85|296.89
23,24,6/15/2020 4:38,296.94|296.97|296.94|297.0|297.02|296.95
24,25,6/15/2020 4:39,296.94|296.83|296.85|296.89|296.94|296.95
25,26,6/15/2020 4:40,296.94|296.97|296.89|296.94|297.0|296.95
26,27,6/15/2020 4:41,297.08|297.12|297.02|297.13|297.13|297.09|297.1|297.1|297.1|297.08
27,28,6/15/2020 4:42,297.21|297.15|297.23|297.17|297.26|297.26|297.24|297.19
28,29,6/15/2020 4:43,297.08|297.12|297.15|297.17|297.13|297.13|297.09|297.1|297.1|297.1|297.08
29,30,6/15/2020 4:44,296.94|296.97|296.94|297.0|297.02|296.95
30,31,6/15/2020 4:45,297.21|297.12|297.15|297.17|297.13|297.13|297.19|297.09|297.1|297.1|297.1
31,32,6/15/2020 4:46,297.21|297.23|297.17|297.26|297.26|297.24|297.19
32,33,6/15/2020 4:47,297.21|297.12|297.15|297.23|297.17|297.13|297.13|297.19
33,34,6/15/2020 4:48,296.97|297.08|297.0|297.02|297.08
34,35,6/15/2020 4:49,297.41|297.35|297.43|297.42|297.37|297.39|297.43|297.46|297.42|297.44|297.4|297.35|297.47|297.4|297.39
35,36,6/15/2020 4:50,297.41|297.35|297.37|297.39|297.3|297.4|297.35|297.3|297.4|297.39|297.32
36,37,6/15/2020 4:51,297.41|297.43|297.42|297.37|297.39|297.43|297.46|297.48|297.42|297.44|297.4|297.47|297.4|297.39|297.49
37,38,6/15/2020 4:52,297.41|297.43|297.42|297.37|297.39|297.43|297.46|297.48|297.42|297.44|297.4|297.47|297.4|297.39
38,39,6/15/2020 4:53,297.41|297.35|297.43|297.42|297.37|297.39|297.43|297.42|297.4|297.35|297.4|297.39|297.32
39,40,6/15/2020 4:54,297.41|297.35|297.43|297.42|297.37|297.39|297.43|297.42|297.44|297.4|297.35|297.4|297.39
40,41,6/15/2020 4:55,297.21|297.23|297.26|297.3|297.3|297.26|297.24|297.32
41,42,6/15/2020 4:56,297.53|297.53|297.58|297.56|297.59|297.48|297.52|297.51|297.55|297.47|297.52|297.57|297.51|297.58|297.59|297.49|297.59|297.58|297.54
42,43,6/15/2020 4:57,297.41|297.43|297.42|297.37|297.39|297.43|297.46|297.48|297.42|297.44|297.4|297.47|297.4|297.39|297.49
43,44,6/15/2020 4:58,297.53|297.53|297.58|297.56|297.59|297.48|297.52|297.51|297.55|297.47|297.52|297.57|297.51|297.58|297.59|297.49|297.59|297.58|297.54
44,45,6/15/2020 4:59,297.67|297.71|297.72|297.7|297.65|297.67|297.66|297.64|297.7|297.65|297.63|297.65|297.65|297.65|297.73|297.69|297.65|297.68|297.71|297.73
45,46,6/15/2020 5:00,297.74|297.71|297.78|297.77|297.72|297.7|297.7|297.8|297.77|297.73|297.69|297.74|297.68|297.71|297.73|297.8|297.75
46,47,6/15/2020 5:01,298.0|298.05|297.95|298.0|298.01|298.02|298.0|298.05|298.06|297.97|298.06|298.05|298.05|297.96|298.01|297.96|298.0|297.96|297.95|298.03|298.06
47,48,6/15/2020 5:02,298.0|298.05|298.11|298.1|298.0|298.11|298.01|298.02|298.08|298.11|298.0|298.05|298.06|298.09|298.1|298.06|298.08|298.05|298.05|298.07|298.1|298.07|298.01|298.09|298.07|298.0|298.09|298.03|298.09|298.06
48,49,6/15/2020 5:03,298.35|298.35|298.4|298.3|298.4|298.31|298.29|298.4|298.38|298.32|298.29|298.41|298.4|298.29|298.3|298.4|298.35|298.31|298.3|298.29|298.3|298.41|298.3|298.39|298.31|298.39|298.3
49,50,6/15/2020 5:04,298.05|298.11|298.1|298.14|298.15|298.11|298.15|298.17|298.16|298.08|298.11|298.05|298.06|298.17|298.13|298.09|298.1|298.15|298.06|298.08|298.05|298.05|298.15|298.07|298.1|298.07|298.13|298.14|298.15|298.09|298.07|298.09|298.17|298.15|298.09|298.06
50,51,6/15/2020 5:05,298.05|298.11|298.1|298.14|298.15|298.11|298.15|298.16|298.08|298.11|298.05|298.06|298.13|298.09|298.1|298.15|298.06|298.08|298.05|298.05|298.15|298.07|298.1|298.07|298.13|298.14|298.15|298.09|298.07|298.09|298.15|298.09|298.06
51,52,6/15/2020 5:06,298.24|298.26|298.3|298.2|298.22|298.25|298.19|298.2|298.29|298.2|298.29|298.29|298.3|298.18|298.25|298.3|298.29|298.22|298.3|298.25|298.3|298.2|298.26|298.22|298.23|298.28|298.22|298.2|298.19|298.19|298.22|298.27|298.3
52,53,6/15/2020 5:07,298.24|298.26|298.3|298.2|298.22|298.25|298.2|298.31|298.29|298.2|298.32|298.29|298.29|298.3|298.31|298.25|298.3|298.29|298.22|298.3|298.25|298.3|298.2|298.26|298.22|298.23|298.28|298.22|298.2|298.31|298.22|298.27|298.3
53,54,6/15/2020 5:08,298.11|298.1|298.14|298.2|298.15|298.11|298.15|298.17|298.19|298.16|298.08|298.11|298.2|298.17|298.13|298.09|298.1|298.15|298.08|298.2|298.15|298.18|298.1|298.13|298.14|298.15|298.09|298.2|298.09|298.17|298.15|298.2|298.09|298.19|298.19
54,55,6/15/2020 5:09,298.35|298.35|298.4|298.3|298.4|298.31|298.29|298.4|298.38|298.32|298.29|298.41|298.4|298.29|298.3|298.4|298.35|298.31|298.3|298.29|298.3|298.41|298.3|298.39|298.31|298.39|298.3
55,56,6/15/2020 5:10,298.5|298.48|298.52|298.52|298.55|298.51|298.47|298.53|298.44|298.55|298.53|298.44|298.48|298.56|298.45|298.51|298.45|298.52|298.45|298.51|298.53|298.47|298.48
56,57,6/15/2020 5:11,298.35|298.35|298.4|298.42|298.42|298.4|298.44|298.44|298.4|298.38|298.42|298.45|298.41|298.4|298.45|298.4|298.35|298.45|298.41|298.39|298.39|298.43
57,58,6/15/2020 5:12,298.5|298.48|298.52|298.52|298.42|298.42|298.51|298.47|298.53|298.44|298.53|298.44|298.48|298.42|298.45|298.51|298.45|298.52|298.45|298.51|298.53|298.43|298.47|298.48
58,59,6/15/2020 5:13,298.5|298.48|298.52|298.52|298.55|298.51|298.47|298.53|298.57|298.55|298.53|298.48|298.56|298.51|298.52|298.51|298.57|298.53|298.47|298.48
59,60,6/15/2020 5:14,298.5|298.48|298.52|298.52|298.55|298.51|298.47|298.53|298.57|298.55|298.53|298.48|298.56|298.51|298.52|298.51|298.57|298.53|298.47|298.48
60,61,6/15/2020 5:15,298.4|298.48|298.42|298.42|298.4|298.47|298.44|298.44|298.4|298.48|298.38|298.42|298.45|298.41|298.4|298.45|298.4|298.45|298.41|298.39|298.39|298.43|298.47|298.48
61,62,6/15/2020 5:16,298.64|298.6|298.7|298.62|298.66
62,63,6/15/2020 5:17,298.4|298.48|298.42|298.42|298.4|298.47|298.44|298.44|298.4|298.48|298.38|298.42|298.45|298.41|298.4|298.45|298.4|298.45|298.41|298.39|298.39|298.43|298.47|298.48
63,64,6/15/2020 5:18,298.5|298.52|298.52|298.55|298.51|298.53|298.6|298.57|298.55|298.53|298.56|298.51|298.52|298.51|298.57|298.53
64,65,6/15/2020 5:19,298.35|298.24|298.26|298.35|298.3|298.25|298.31|298.29|298.32|298.29|298.29|298.3|298.35|298.31|298.25|298.3|298.29|298.3|298.25|298.3|298.26|298.28|298.31|298.27|298.3
65,66,6/15/2020 5:20,298.24|298.26|298.14|298.2|298.15|298.22|298.15|298.17|298.25|298.19|298.16|298.2|298.17|298.15|298.2|298.15|298.18|298.25|298.14|298.22|298.15|298.25|298.2|298.26|298.22|298.23|298.17|298.15|298.22|298.2|298.19|298.19|298.22
66,67,6/15/2020 5:21,298.11|298.1|298.14|298.2|298.15|298.11|298.15|298.17|298.19|298.16|298.11|298.2|298.17|298.13|298.09|298.1|298.15|298.2|298.15|298.18|298.1|298.13|298.14|298.15|298.09|298.2|298.09|298.17|298.15|298.2|298.09|298.19|298.19
67,68,6/15/2020 5:22,298.0|297.95|298.0|297.89|297.89|298.01|297.91|298.0|297.97|297.93|297.9|297.92|297.9|297.96|297.89|298.01|297.89|297.93|297.96|297.9|298.0|297.96|297.95|297.93|297.9
68,69,6/15/2020 5:23,297.81|297.78|297.77|297.86|297.8|297.82|297.85|297.87|297.77|297.83|297.82|297.85|297.86|297.81|297.83|297.85|297.8|297.84|297.75
69,70,6/15/2020 5:24,297.53|297.53|297.58|297.56|297.59|297.52|297.64|297.55|297.52|297.63|297.57|297.58|297.59|297.59|297.58|297.54
70,71,6/15/2020 5:29,297.53|297.53|297.58|297.56|297.59|297.52|297.51|297.55|297.52|297.57|297.51|297.58|297.59|297.59|297.58|297.54
71,72,6/15/2020 5:30,297.67|297.74|297.71|297.77|297.72|297.7|297.65|297.67|297.66|297.7|297.65|297.65|297.65|297.77|297.65|297.73|297.69|297.65|297.74|297.68|297.71|297.73|297.75
72,73,6/15/2020 5:31,297.74|297.81|297.78|297.77|297.72|297.8|297.82|297.77|297.83|297.73|297.74|297.82|297.81|297.83|297.73|297.8|297.84|297.75
73,74,6/15/2020 5:32,297.74|297.81|297.71|297.78|297.77|297.72|297.8|297.82|297.77|297.83|297.73|297.74|297.82|297.81|297.71|297.83|297.73|297.8|297.75
74,75,6/15/2020 5:33,297.67|297.74|297.71|297.78|297.77|297.72|297.7|297.67|297.66|297.7|297.77|297.73|297.69|297.74|297.68|297.71|297.73|297.75
75,76,6/15/2020 5:34,298.0|298.05|297.95|298.0|298.01|298.02|298.0|298.05|298.06|297.97|298.06|298.05|298.05|297.96|298.01|297.96|298.0|297.96|297.95|298.03|298.06
76,77,6/15/2020 5:35,298.05|298.11|298.1|298.14|298.15|298.11|298.15|298.17|298.16|298.08|298.11|298.05|298.06|298.17|298.13|298.09|298.1|298.15|298.06|298.08|298.05|298.05|298.15|298.07|298.1|298.07|298.13|298.14|298.15|298.09|298.07|298.09|298.17|298.15|298.09|298.06
77,78,6/15/2020 5:36,297.95|297.89|297.89|297.91|297.86|297.88|297.93|297.9|297.92|297.9|297.85|297.87|297.83|297.89|297.85|297.86|297.88|297.83|297.89|297.93|297.9|297.95|297.85|297.88|297.93|297.84|297.9
78,79,6/15/2020 5:37,297.95|297.89|297.89|297.91|297.86|297.88|297.93|297.9|297.92|297.9|297.85|297.87|297.83|297.89|297.85|297.86|297.88|297.83|297.89|297.93|297.9|297.95|297.85|297.88|297.93|297.84|297.9
79,80,6/15/2020 5:39,298.24|298.26|298.2|298.22|298.17|298.25|298.19|298.16|298.2|298.17|298.2|298.18|298.25|298.22|298.25|298.2|298.26|298.22|298.23|298.17|298.28|298.22|298.2|298.19|298.19|298.22|298.27
80,81,6/15/2020 5:40,298.11|298.1|298.14|298.2|298.15|298.11|298.15|298.17|298.19|298.16|298.11|298.2|298.17|298.13|298.09|298.1|298.15|298.2|298.15|298.18|298.1|298.13|298.14|298.15|298.09|298.2|298.09|298.17|298.15|298.2|298.09|298.19|298.19
81,82,6/15/2020 5:41,298.11|298.14|298.2|298.15|298.11|298.22|298.15|298.17|298.19|298.16|298.11|298.2|298.17|298.13|298.15|298.2|298.15|298.18|298.13|298.14|298.22|298.15|298.2|298.22|298.23|298.17|298.15|298.22|298.2|298.19|298.19|298.22
82,83,6/15/2020 5:42,298.35|298.35|298.4|298.42|298.42|298.4|298.44|298.44|298.4|298.38|298.42|298.45|298.41|298.4|298.45|298.4|298.35|298.45|298.41|298.39|298.39|298.43
83,84,6/15/2020 5:43,298.5|298.48|298.52|298.52|298.55|298.51|298.47|298.53|298.57|298.55|298.53|298.48|298.56|298.45|298.51|298.45|298.52|298.45|298.51|298.57|298.53|298.47|298.48
84,85,6/15/2020 5:44,298.5|298.48|298.52|298.52|298.42|298.42|298.51|298.47|298.53|298.44|298.53|298.44|298.48|298.42|298.45|298.51|298.41|298.45|298.52|298.45|298.41|298.51|298.53|298.43|298.47|298.48
85,86,6/15/2020 5:45,298.5|298.48|298.52|298.52|298.55|298.51|298.47|298.53|298.57|298.55|298.53|298.48|298.56|298.51|298.52|298.51|298.57|298.53|298.47|298.48
86,87,6/15/2020 5:46,298.24|298.26|298.3|298.2|298.22|298.25|298.19|298.2|298.31|298.29|298.2|298.29|298.29|298.3|298.31|298.25|298.3|298.29|298.22|298.3|298.25|298.3|298.2|298.26|298.22|298.23|298.28|298.22|298.2|298.19|298.19|298.31|298.22|298.27|298.3
87,88,6/15/2020 5:47,298.0|298.05|297.95|298.0|298.01|298.02|298.0|298.05|298.06|297.97|298.06|298.05|298.05|298.07|298.07|297.96|298.01|298.07|297.96|298.0|297.96|297.95|298.03|298.06
88,89,6/15/2020 5:48,297.95|297.89|297.89|297.91|297.86|297.97|297.88|297.93|297.9|297.92|297.9|297.85|297.87|297.96|297.89|297.85|297.86|297.88|297.89|297.93|297.96|297.9|297.96|297.95|297.85|297.88|297.93|297.9
89,90,6/15/2020 5:49,298.0|298.05|298.0|298.01|298.02|298.08|298.0|298.05|298.06|297.97|298.06|298.08|298.05|298.05|298.07|298.07|297.96|298.01|298.07|297.96|298.0|297.96|298.03|298.06
90,91,6/15/2020 5:50,298.24|298.14|298.2|298.15|298.22|298.15|298.17|298.25|298.19|298.16|298.2|298.17|298.13|298.15|298.2|298.15|298.18|298.25|298.13|298.14|298.22|298.15|298.25|298.2|298.22|298.23|298.17|298.15|298.22|298.2|298.19|298.19|298.22
91,92,6/15/2020 5:52,297.81|297.89|297.89|297.91|297.86|297.8|297.88|297.9|297.92|297.82|297.9|297.85|297.87|297.83|297.89|297.82|297.85|297.86|297.81|297.88|297.83|297.89|297.9|297.85|297.88|297.8|297.84|297.9
92,93,6/15/2020 5:53,298.11|298.1|298.14|298.2|298.15|298.11|298.22|298.15|298.17|298.19|298.16|298.11|298.2|298.17|298.13|298.1|298.15|298.2|298.15|298.18|298.1|298.13|298.14|298.22|298.15|298.2|298.22|298.17|298.15|298.22|298.2|298.19|298.19|298.22
93,94,6/15/2020 5:54,298.05|298.11|298.1|298.14|298.11|298.02|298.08|298.11|298.05|298.06|298.13|298.09|298.1|298.06|298.08|298.05|298.05|298.07|298.1|298.07|298.13|298.14|298.09|298.07|298.09|298.03|298.09|298.06
94,95,6/15/2020 5:55,298.05|298.11|298.1|298.14|298.15|298.11|298.15|298.17|298.16|298.08|298.11|298.05|298.06|298.17|298.13|298.09|298.1|298.15|298.06|298.08|298.05|298.05|298.15|298.07|298.1|298.07|298.13|298.14|298.15|298.09|298.07|298.09|298.17|298.15|298.09|298.06
95,96,6/15/2020 5:56,298.0|298.05|297.95|298.0|298.01|298.02|298.0|298.05|298.06|297.97|298.06|298.05|298.05|297.96|298.01|297.96|298.0|297.96|297.95|298.03|298.06
96,97,6/15/2020 5:57,298.0|298.05|298.11|298.1|298.0|298.11|298.01|298.02|298.08|298.11|298.0|298.05|298.06|298.09|298.1|298.06|298.08|298.05|298.05|298.07|298.1|298.07|298.01|298.09|298.07|298.0|298.09|298.03|298.09|298.06
97,98,6/15/2020 5:58,298.24|298.26|298.14|298.2|298.15|298.22|298.15|298.17|298.25|298.19|298.16|298.2|298.17|298.15|298.2|298.15|298.18|298.25|298.14|298.22|298.15|298.25|298.2|298.26|298.22|298.23|298.17|298.15|298.22|298.2|298.19|298.19|298.22
98,99,6/15/2020 5:59,298.0|298.05|298.11|298.1|298.0|298.11|298.01|298.02|298.08|298.11|298.0|298.05|298.06|298.09|298.1|298.06|298.08|298.05|298.05|298.07|298.1|298.07|298.01|298.09|298.07|298.0|298.09|298.03|298.09|298.06
99,100,6/15/2020 6:00,298.11|298.14|298.2|298.15|298.11|298.22|298.15|298.17|298.19|298.16|298.11|298.2|298.17|298.13|298.15|298.2|298.15|298.18|298.13|298.14|298.22|298.15|298.2|298.22|298.23|298.17|298.15|298.22|298.2|298.19|298.19|298.22
100,101,6/15/2020 6:01,298.35|298.26|298.35|298.3|298.25|298.31|298.29|298.32|298.29|298.29|298.3|298.35|298.31|298.25|298.3|298.29|298.3|298.25|298.3|298.26|298.28|298.31|298.27|298.3
101,102,6/15/2020 6:02,298.5|298.4|298.48|298.42|298.42|298.4|298.47|298.44|298.44|298.4|298.48|298.38|298.42|298.45|298.41|298.4|298.45|298.4|298.45|298.41|298.39|298.39|298.43|298.47|298.48
102,103,6/15/2020 6:04,298.64|298.55|298.6|298.57|298.55|298.56|298.57|298.62|298.66
103,104,6/15/2020 6:05,299.05|299.05|299.11|299.03|299.01|299.01|298.99|298.99|299.04|299.06|299.09|298.99
104,105,6/15/2020 6:06,299.25|299.2|299.21|299.23|299.21|299.24|299.19|299.25|299.28|299.19
105,106,6/15/2020 6:07,299.18|299.2|299.18|299.14|299.21|299.23|299.21|299.24|299.15|299.19|299.16|299.13|299.16|299.16|299.13|299.15|299.19
106,107,6/15/2020 6:08,299.25|299.18|299.2|299.18|299.14|299.21|299.23|299.21|299.24|299.15|299.19|299.16|299.25|299.16|299.16|299.15|299.19
107,108,6/15/2020 6:09,299.05|299.05|299.11|299.03|299.01|299.01|298.99|298.99|299.04|299.06|299.09|298.99
108,109,6/15/2020 6:10,299.18|299.2|299.18|299.14|299.21|299.23|299.21|299.24|299.15|299.19|299.16|299.13|299.16|299.16|299.13|299.15|299.19
109,110,6/15/2020 6:11,299.05|299.05|299.11|299.14|299.15|299.16|299.13|299.16|299.16|299.13|299.15|299.06|299.09
110,111,6/15/2020 6:12,299.18|299.2|299.18|299.11|299.14|299.15|299.19|299.16|299.13|299.16|299.16|299.13|299.15|299.09|299.19
111,112,6/15/2020 6:13,299.25|299.18|299.2|299.18|299.21|299.23|299.21|299.24|299.15|299.19|299.16|299.25|299.16|299.16|299.15|299.19
112,113,6/15/2020 6:14,299.25|299.18|299.2|299.18|299.21|299.23|299.21|299.24|299.19|299.25|299.28|299.19
113,114,6/15/2020 6:15,299.05|299.05|299.03|299.01|299.01|298.99|298.99|299.04|298.97|299.06|299.09|298.99
114,115,6/15/2020 6:16,299.05|299.05|299.03|299.01|299.01|298.99|298.99|299.04|298.97|299.06|298.99
115,116,6/15/2020 6:17,299.32|299.32|299.28
116,117,6/15/2020 6:18,299.25|299.18|299.2|299.18|299.21|299.23|299.21|299.24|299.15|299.19|299.16|299.25|299.16|299.16|299.15|299.19
117,118,6/15/2020 6:19,299.4|299.41|299.43|299.42
118,119,6/15/2020 6:20,299.25|299.18|299.2|299.18|299.21|299.23|299.21|299.24|299.19|299.25|299.28|299.19
119,120,6/15/2020 6:21,299.18|299.2|299.18|299.11|299.14|299.21|299.21|299.15|299.19|299.16|299.13|299.16|299.16|299.13|299.15|299.09|299.19
120,121,6/15/2020 6:22,299.25|299.18|299.2|299.18|299.14|299.21|299.23|299.21|299.24|299.15|299.19|299.16|299.13|299.25|299.16|299.16|299.13|299.15|299.19
121,122,6/15/2020 6:23,299.18|299.2|299.18|299.11|299.14|299.21|299.21|299.15|299.19|299.16|299.13|299.16|299.16|299.13|299.15|299.19
122,123,6/15/2020 6:24,299.18|299.18|299.11|299.14|299.15|299.19|299.16|299.13|299.16|299.16|299.13|299.15|299.09|299.19
123,124,6/15/2020 6:25,299.25|299.2|299.21|299.23|299.21|299.24|299.19|299.25|299.28|299.19
124,125,6/15/2020 6:26,299.5|299.48|299.48|299.48|299.54
125,126,6/15/2020 6:27,299.5|299.48|299.48|299.48|299.43|299.54|299.42
126,127,6/15/2020 6:28,299.5|299.48|299.48|299.48|299.43|299.54|299.42
127,128,6/15/2020 6:29,299.5|299.48|299.48|299.48|299.43|299.54|299.42
128,129,6/15/2020 6:30,299.4|299.41|299.43|299.42
129,130,6/15/2020 6:31,299.32|299.32|299.28
130,131,6/15/2020 6:32,299.05|299.05|299.03|299.01|299.01|298.99|298.99|299.04|298.97|299.06|298.99
131,132,6/15/2020 6:33,298.93|298.91|298.99|298.99|298.97|298.93|298.88|298.88|298.99
132,133,6/15/2020 6:34,298.78|298.76|298.74|298.72|298.75|298.8|298.75|298.82|298.77
133,134,6/15/2020 6:35,298.78|298.76|298.74|298.72|298.7|298.75|298.8|298.75|298.82|298.77
134,135,6/15/2020 6:36,298.86|298.91|298.8|298.85|298.82|298.88|298.88
135,136,6/15/2020 6:37,298.93|298.86|298.91|298.85|298.97|298.93|298.88|298.88
136,137,6/15/2020 6:38,298.78|298.76|298.74|298.72|298.7|298.75|298.8|298.75|298.77
137,138,6/15/2020 6:39,298.78|298.76|298.74|298.72|298.7|298.75|298.75|298.77|298.66
138,139,6/15/2020 6:40,298.64|298.76|298.74|298.72|298.7|298.75|298.75|298.66
139,140,6/15/2020 6:41,298.52|298.52|298.55|298.51|298.53|298.6|298.57|298.55|298.53|298.56|298.51|298.52|298.51|298.57|298.53|298.62
140,141,6/15/2020 6:42,298.78|298.76|298.74|298.72|298.7|298.75|298.8|298.75|298.77
141,142,6/15/2020 6:43,298.5|298.52|298.52|298.55|298.51|298.53|298.6|298.57|298.55|298.53|298.56|298.51|298.52|298.51|298.57|298.53
142,143,6/15/2020 6:44,298.5|298.48|298.52|298.52|298.55|298.51|298.47|298.53|298.57|298.55|298.53|298.48|298.56|298.51|298.52|298.51|298.57|298.53|298.47|298.48
143,144,6/15/2020 6:45,298.5|298.4|298.48|298.42|298.42|298.4|298.47|298.44|298.44|298.4|298.48|298.38|298.42|298.45|298.41|298.4|298.45|298.4|298.45|298.41|298.39|298.39|298.43|298.47|298.48
144,145,6/15/2020 6:46,298.35|298.24|298.26|298.35|298.3|298.25|298.31|298.29|298.32|298.29|298.29|298.3|298.35|298.31|298.25|298.3|298.29|298.3|298.25|298.3|298.26|298.23|298.28|298.31|298.27|298.3
145,146,6/15/2020 6:47,298.11|298.1|298.14|298.15|298.11|298.15|298.17|298.19|298.16|298.08|298.11|298.17|298.13|298.09|298.1|298.15|298.08|298.15|298.07|298.18|298.1|298.07|298.13|298.14|298.15|298.09|298.07|298.09|298.17|298.15|298.09|298.19|298.19
146,147,6/15/2020 6:48,298.0|297.95|298.0|298.01|297.91|298.02|298.0|297.97|297.93|297.92|297.96|298.01|297.93|297.96|298.0|297.96|297.95|298.03|297.93
147,148,6/15/2020 6:49,298.05|298.11|298.1|298.14|298.15|298.11|298.15|298.08|298.11|298.05|298.06|298.13|298.09|298.1|298.15|298.06|298.08|298.05|298.05|298.15|298.07|298.1|298.07|298.13|298.14|298.15|298.09|298.07|298.09|298.03|298.15|298.09|298.06
148,149,6/15/2020 6:50,298.05|298.11|298.1|298.14|298.15|298.11|298.15|298.16|298.08|298.11|298.05|298.06|298.13|298.09|298.1|298.15|298.06|298.08|298.05|298.05|298.15|298.07|298.1|298.07|298.13|298.14|298.15|298.09|298.07|298.09|298.15|298.09|298.06
149,150,6/15/2020 6:51,298.11|298.1|298.14|298.2|298.15|298.11|298.15|298.17|298.19|298.16|298.11|298.2|298.17|298.13|298.09|298.1|298.15|298.2|298.15|298.18|298.1|298.13|298.14|298.15|298.09|298.2|298.09|298.17|298.15|298.2|298.09|298.19|298.19
150,151,6/15/2020 6:52,298.0|298.05|298.11|298.1|298.0|298.11|298.01|298.02|298.08|298.11|298.0|298.05|298.06|298.09|298.1|298.06|298.08|298.05|298.05|298.07|298.1|298.07|298.01|298.09|298.07|298.0|298.09|298.03|298.09|298.06
151,152,6/15/2020 6:53,298.05|298.11|298.1|298.14|298.11|298.02|298.08|298.11|298.05|298.06|298.13|298.09|298.1|298.06|298.08|298.05|298.05|298.07|298.1|298.07|298.13|298.14|298.09|298.07|298.09|298.03|298.09|298.06
152,153,6/15/2020 6:54,298.0|298.05|298.11|298.1|298.0|298.11|298.01|298.02|298.08|298.11|298.0|298.05|298.06|298.09|298.1|298.06|298.08|298.05|298.05|298.07|298.1|298.07|298.01|298.09|298.07|298.0|298.09|298.03|298.09|298.06
153,154,6/15/2020 6:55,298.24|298.26|298.14|298.2|298.15|298.22|298.15|298.17|298.25|298.19|298.16|298.2|298.17|298.15|298.2|298.15|298.18|298.25|298.14|298.22|298.15|298.25|298.2|298.26|298.22|298.23|298.17|298.15|298.22|298.2|298.19|298.19|298.22
154,155,6/15/2020 6:57,298.35|298.35|298.4|298.42|298.42|298.4|298.44|298.44|298.4|298.38|298.42|298.45|298.41|298.4|298.45|298.4|298.35|298.45|298.41|298.39|298.39|298.43
155,156,6/15/2020 6:58,298.5|298.48|298.52|298.52|298.42|298.42|298.51|298.47|298.53|298.44|298.53|298.44|298.48|298.42|298.45|298.51|298.45|298.52|298.45|298.51|298.53|298.43|298.47|298.48
156,157,6/15/2020 6:59,298.35|298.35|298.4|298.42|298.42|298.4|298.44|298.44|298.4|298.38|298.32|298.42|298.41|298.4|298.4|298.35|298.41|298.39|298.39|298.43
157,158,6/15/2020 7:00,298.5|298.52|298.52|298.55|298.51|298.53|298.6|298.57|298.55|298.53|298.56|298.51|298.52|298.51|298.57|298.53|298.62
158,159,6/15/2020 7:01,297.67|297.74|297.71|297.72|297.7|297.65|297.67|297.66|297.64|297.7|297.65|297.65|297.65|297.65|297.73|297.69|297.65|297.74|297.68|297.71|297.73|297.75
159,160,6/15/2020 7:02,297.67|297.71|297.7|297.65|297.67|297.59|297.66|297.64|297.7|297.65|297.63|297.65|297.65|297.65|297.69|297.65|297.59|297.68|297.59|297.71
160,161,6/15/2020 7:03,297.67|297.71|297.72|297.7|297.65|297.67|297.66|297.64|297.7|297.65|297.63|297.65|297.65|297.65|297.73|297.69|297.65|297.68|297.71|297.73
161,162,6/15/2020 7:04,297.41|297.43|297.42|297.43|297.46|297.48|297.52|297.42|297.44|297.51|297.4|297.47|297.52|297.4|297.51|297.49
162,163,6/15/2020 7:05,297.53|297.53|297.58|297.56|297.65|297.59|297.64|297.55|297.65|297.63|297.65|297.57|297.65|297.65|297.58|297.65|297.59|297.59|297.58|297.54
163,164,6/15/2020 7:06,297.67|297.71|297.72|297.7|297.65|297.67|297.66|297.64|297.7|297.65|297.63|297.65|297.65|297.65|297.69|297.65|297.68|297.71
164,165,6/15/2020 7:07,297.43|297.42|297.53|297.43|297.53|297.46|297.48|297.52|297.42|297.44|297.51|297.47|297.52|297.51|297.49|297.54
165,166,6/15/2020 7:08,297.53|297.53|297.58|297.56|297.46|297.48|297.52|297.51|297.55|297.47|297.52|297.57|297.51|297.58|297.49|297.58|297.54
166,167,6/15/2020 7:09,297.41|297.43|297.42|297.37|297.39|297.43|297.46|297.48|297.42|297.44|297.4|297.47|297.4|297.39
167,168,6/15/2020 7:10,297.41|297.43|297.42|297.39|297.43|297.46|297.48|297.42|297.44|297.4|297.47|297.4|297.39|297.49
168,169,6/15/2020 7:11,297.53|297.53|297.56|297.46|297.48|297.52|297.51|297.55|297.47|297.52|297.57|297.51|297.49|297.54
169,170,6/15/2020 7:12,297.67|297.58|297.7|297.65|297.67|297.59|297.66|297.64|297.7|297.65|297.63|297.65|297.65|297.65|297.58|297.69|297.65|297.59|297.68|297.59|297.58
170,171,6/15/2020 7:13,297.08|297.12|297.15|297.17|297.13|297.13|297.19|297.09|297.1|297.1|297.1|297.08
171,172,6/15/2020 7:14,297.35|297.26|297.3|297.35|297.3|297.26|297.24|297.32
172,173,6/15/2020 7:15,297.53|297.53|297.58|297.56|297.59|297.52|297.51|297.55|297.52|297.57|297.51|297.58|297.59|297.49|297.59|297.58|297.54
173,174,6/15/2020 7:16,297.41|297.35|297.43|297.42|297.37|297.39|297.43|297.46|297.42|297.44|297.4|297.35|297.4|297.39
174,175,6/15/2020 7:17,297.41|297.35|297.37|297.39|297.3|297.4|297.35|297.3|297.4|297.39|297.32
175,176,6/15/2020 7:18,297.35|297.26|297.3|297.35|297.3|297.26|297.24|297.32
176,177,6/15/2020 7:19,297.21|297.23|297.26|297.3|297.3|297.26|297.24|297.32
177,178,6/15/2020 7:20,297.21|297.23|297.26|297.3|297.3|297.26|297.24|297.19
178,179,6/15/2020 7:21,297.41|297.43|297.42|297.53|297.43|297.53|297.46|297.48|297.52|297.42|297.44|297.51|297.47|297.52|297.51|297.49
179,180,6/15/2020 7:22,297.53|297.53|297.58|297.56|297.46|297.48|297.52|297.51|297.55|297.47|297.52|297.57|297.51|297.58|297.49|297.58|297.54
180,181,6/15/2020 7:23,297.67|297.74|297.71|297.72|297.7|297.65|297.67|297.66|297.64|297.7|297.65|297.65|297.65|297.65|297.73|297.69|297.65|297.74|297.68|297.71|297.73|297.75
181,182,6/15/2020 7:24,297.67|297.71|297.7|297.65|297.67|297.59|297.66|297.64|297.7|297.65|297.63|297.65|297.65|297.65|297.69|297.65|297.59|297.68|297.59|297.71
182,183,6/15/2020 7:25,297.67|297.58|297.65|297.67|297.59|297.66|297.64|297.65|297.63|297.65|297.57|297.65|297.65|297.58|297.69|297.65|297.59|297.68|297.59|297.58
183,184,6/15/2020 7:26,297.67|297.71|297.7|297.65|297.67|297.59|297.66|297.64|297.7|297.65|297.63|297.65|297.65|297.65|297.69|297.65|297.59|297.68|297.59|297.71
184,185,6/15/2020 7:27,297.41|297.35|297.43|297.42|297.37|297.39|297.43|297.46|297.42|297.44|297.4|297.35|297.4|297.39
185,186,6/15/2020 7:28,297.08|297.12|297.15|297.17|297.13|297.13|297.19|297.09|297.1|297.1|297.1|297.08
186,187,6/15/2020 7:29,297.21|297.15|297.23|297.17|297.13|297.24|297.13|297.19
187,188,6/15/2020 7:30,297.08|297.12|297.15|297.13|297.13|297.09|297.1|297.1|297.1|297.08
188,189,6/15/2020 7:31,297.08|297.12|297.15|297.13|297.13|297.09|297.1|297.1|297.1|297.08
189,190,6/15/2020 7:32,297.08|297.12|297.15|297.13|297.13|297.09|297.1|297.1|297.1|297.08
190,191,6/15/2020 7:33,297.08|297.12|297.15|297.13|297.13|297.09|297.1|297.1|297.1|297.08
191,192,6/15/2020 7:34,297.41|297.35|297.43|297.42|297.37|297.39|297.43|297.42|297.44|297.4|297.35|297.4|297.39
192,193,6/15/2020 7:35,297.53|297.53|297.58|297.56|297.59|297.52|297.51|297.55|297.52|297.63|297.57|297.51|297.58|297.59|297.59|297.58|297.54
193,194,6/15/2020 7:36,297.53|297.53|297.56|297.46|297.48|297.52|297.51|297.55|297.47|297.52|297.57|297.51|297.49|297.54
194,195,6/15/2020 7:37,297.74|297.81|297.78|297.77|297.86|297.8|297.82|297.85|297.77|297.83|297.74|297.82|297.85|297.86|297.81|297.83|297.85|297.8|297.84|297.75
195,196,6/15/2020 7:38,297.89|297.89|297.91|297.86|297.88|297.93|297.9|297.92|297.82|297.9|297.85|297.87|297.83|297.89|297.82|297.85|297.86|297.88|297.83|297.89|297.93|297.9|297.85|297.88|297.93|297.84|297.9
196,197,6/15/2020 7:39,297.95|297.89|297.89|297.91|297.97|297.88|297.93|297.9|297.92|297.9|297.87|297.96|297.89|297.88|297.89|297.93|297.96|297.9|297.96|297.95|297.88|297.93|297.9
197,198,6/15/2020 7:40,298.0|298.05|298.11|298.1|298.0|298.11|298.01|298.02|298.08|298.11|298.0|298.05|298.06|298.09|298.1|298.06|298.08|298.05|298.05|298.07|298.1|298.07|298.01|298.09|298.07|298.0|298.09|298.03|298.09|298.06
198,199,6/15/2020 7:41,298.35|298.26|298.35|298.3|298.31|298.29|298.38|298.32|298.29|298.29|298.3|298.35|298.31|298.3|298.29|298.3|298.3|298.26|298.28|298.31|298.27|298.3
199,200,6/15/2020 7:42,298.35|298.24|298.26|298.35|298.3|298.25|298.31|298.29|298.32|298.29|298.29|298.3|298.35|298.31|298.25|298.3|298.29|298.3|298.25|298.3|298.26|298.23|298.28|298.31|298.27|298.3
200,201,6/15/2020 7:43,298.11|298.1|298.14|298.2|298.15|298.11|298.15|298.17|298.19|298.16|298.11|298.2|298.17|298.13|298.09|298.1|298.15|298.2|298.15|298.18|298.1|298.13|298.14|298.15|298.09|298.2|298.09|298.17|298.15|298.2|298.09|298.19|298.19
201,202,6/15/2020 7:44,297.95|297.89|297.89|297.91|297.86|297.88|297.93|297.9|297.92|297.9|297.85|297.87|297.96|297.89|297.85|297.86|297.88|297.89|297.93|297.96|297.9|297.96|297.95|297.85|297.88|297.93|297.84|297.9
202,203,6/15/2020 7:45,297.95|297.89|297.89|297.91|297.86|297.97|297.88|297.93|297.9|297.92|297.9|297.87|297.96|297.89|297.86|297.88|297.89|297.93|297.96|297.9|297.96|297.95|297.88|297.93|297.9
203,204,6/15/2020 7:46,297.81|297.78|297.77|297.86|297.8|297.88|297.82|297.85|297.87|297.77|297.83|297.82|297.85|297.86|297.81|297.88|297.83|297.85|297.88|297.8|297.84
204,205,6/15/2020 7:47,297.95|297.89|297.89|297.91|297.86|297.88|297.93|297.9|297.92|297.9|297.85|297.87|297.96|297.89|297.85|297.86|297.88|297.89|297.93|297.96|297.9|297.96|297.95|297.85|297.88|297.93|297.84|297.9
205,206,6/15/2020 7:48,297.81|297.89|297.89|297.91|297.86|297.8|297.88|297.9|297.82|297.9|297.85|297.87|297.83|297.89|297.82|297.85|297.86|297.81|297.88|297.83|297.89|297.9|297.85|297.88|297.8|297.84|297.9
206,207,6/15/2020 7:49,297.67|297.71|297.7|297.65|297.67|297.59|297.66|297.64|297.7|297.65|297.63|297.65|297.65|297.65|297.69|297.65|297.59|297.68|297.59|297.71
207,208,6/15/2020 7:50,298.05|298.11|298.1|298.11|298.01|298.02|298.08|298.11|298.05|298.06|298.13|298.09|298.1|298.06|298.08|298.05|298.05|298.07|298.1|298.07|298.13|298.01|298.09|298.07|298.09|298.03|298.09|298.06
208,209,6/15/2020 7:51,298.4|298.48|298.42|298.42|298.4|298.47|298.44|298.44|298.4|298.48|298.38|298.42|298.45|298.41|298.4|298.45|298.4|298.45|298.41|298.39|298.39|298.43|298.47|298.48
209,210,6/15/2020 7:52,298.5|298.4|298.48|298.42|298.42|298.4|298.51|298.47|298.44|298.44|298.4|298.48|298.42|298.45|298.51|298.41|298.4|298.45|298.4|298.45|298.41|298.51|298.39|298.39|298.43|298.47|298.48
210,211,6/15/2020 7:53,298.5|298.48|298.52|298.52|298.55|298.51|298.47|298.53|298.57|298.55|298.53|298.48|298.56|298.45|298.51|298.45|298.52|298.45|298.51|298.57|298.53|298.47|298.48
211,212,6/15/2020 7:54,298.35|298.35|298.4|298.42|298.42|298.4|298.47|298.44|298.44|298.4|298.38|298.42|298.45|298.41|298.4|298.45|298.4|298.35|298.45|298.41|298.39|298.39|298.43|298.47
212,213,6/15/2020 7:55,298.35|298.35|298.4|298.42|298.42|298.4|298.44|298.44|298.4|298.38|298.42|298.45|298.41|298.4|298.45|298.4|298.35|298.45|298.41|298.39|298.39|298.43
213,214,6/15/2020 7:56,298.5|298.4|298.48|298.42|298.42|298.4|298.51|298.47|298.44|298.44|298.4|298.48|298.42|298.45|298.51|298.41|298.4|298.45|298.4|298.45|298.41|298.51|298.39|298.39|298.43|298.47|298.48
214,215,6/15/2020 7:57,298.35|298.24|298.26|298.35|298.3|298.25|298.31|298.29|298.32|298.29|298.29|298.3|298.35|298.31|298.25|298.3|298.29|298.3|298.25|298.3|298.26|298.23|298.28|298.31|298.27|298.3
215,216,6/15/2020 7:58,298.35|298.24|298.26|298.35|298.3|298.25|298.31|298.29|298.32|298.29|298.29|298.3|298.35|298.31|298.25|298.3|298.29|298.3|298.25|298.3|298.26|298.28|298.31|298.27|298.3
216,217,6/15/2020 7:59,298.5|298.48|298.52|298.52|298.55|298.51|298.47|298.53|298.57|298.55|298.53|298.48|298.56|298.51|298.52|298.51|298.57|298.53|298.47|298.48
217,218,6/15/2020 8:00,298.35|298.35|298.4|298.42|298.42|298.4|298.44|298.44|298.4|298.38|298.42|298.45|298.41|298.4|298.45|298.4|298.35|298.45|298.41|298.39|298.39|298.43
218,219,6/15/2020 8:01,298.78|298.76|298.86|298.74|298.75|298.8|298.85|298.75|298.82|298.77
219,220,6/15/2020 8:02,299.05|299.05|299.03|299.01|299.01|298.93|298.99|298.99|299.04|298.97|298.93|298.99
220,221,6/15/2020 8:03,299.05|299.05|299.03|299.01|299.01|298.93|298.99|298.99|299.04|298.97|298.93|298.99
221,222,6/15/2020 8:04,299.05|299.05|299.03|299.01|299.01|298.99|298.99|299.04|299.06|299.09|298.99
222,223,6/15/2020 8:05,299.25|299.23|299.32|299.24|299.25|299.32|299.28
223,224,6/15/2020 8:06,299.18|299.2|299.18|299.11|299.14|299.21|299.21|299.15|299.19|299.16|299.13|299.16|299.16|299.13|299.15|299.19
224,225,6/15/2020 8:07,299.18|299.2|299.18|299.11|299.14|299.21|299.21|299.15|299.19|299.16|299.13|299.16|299.16|299.13|299.15|299.19
225,226,6/15/2020 8:08,299.18|299.18|299.11|299.14|299.15|299.19|299.16|299.13|299.16|299.16|299.13|299.15|299.09|299.19
226,227,6/15/2020 8:09,299.18|299.2|299.18|299.11|299.14|299.21|299.21|299.15|299.19|299.16|299.13|299.16|299.16|299.13|299.15|299.09|299.19
227,228,6/15/2020 8:10,298.86|298.91|298.8|298.85|298.82|298.88|298.88
228,229,6/15/2020 8:11,298.24|298.14|298.2|298.15|298.22|298.15|298.17|298.19|298.16|298.2|298.17|298.13|298.15|298.2|298.15|298.18|298.13|298.14|298.22|298.15|298.2|298.22|298.23|298.17|298.15|298.22|298.2|298.19|298.19|298.22
229,230,6/15/2020 8:12,298.35|298.35|298.4|298.3|298.4|298.31|298.29|298.4|298.38|298.32|298.29|298.41|298.4|298.29|298.3|298.4|298.35|298.31|298.3|298.29|298.3|298.41|298.3|298.39|298.31|298.39|298.3
230,231,6/15/2020 8:13,298.35|298.26|298.35|298.3|298.25|298.31|298.29|298.32|298.29|298.29|298.3|298.35|298.31|298.25|298.3|298.29|298.3|298.25|298.3|298.26|298.28|298.31|298.27|298.3
231,232,6/15/2020 8:14,298.24|298.26|298.3|298.2|298.22|298.25|298.19|298.2|298.31|298.29|298.2|298.29|298.29|298.3|298.31|298.25|298.3|298.29|298.22|298.3|298.25|298.3|298.2|298.26|298.22|298.23|298.28|298.22|298.2|298.19|298.19|298.31|298.22|298.27|298.3
232,233,6/15/2020 8:15,298.5|298.4|298.48|298.42|298.42|298.4|298.51|298.47|298.44|298.44|298.4|298.48|298.42|298.45|298.51|298.41|298.4|298.45|298.4|298.45|298.41|298.51|298.39|298.39|298.43|298.47|298.48
233,234,6/15/2020 8:16,298.35|298.24|298.26|298.35|298.3|298.25|298.31|298.29|298.32|298.29|298.29|298.3|298.35|298.31|298.25|298.3|298.29|298.3|298.25|298.3|298.26|298.28|298.31|298.27|298.3
234,235,6/15/2020 8:17,298.35|298.24|298.26|298.35|298.3|298.25|298.31|298.29|298.32|298.29|298.29|298.3|298.35|298.31|298.25|298.3|298.29|298.3|298.25|298.3|298.26|298.23|298.28|298.31|298.27|298.3
235,236,6/15/2020 8:18,297.81|297.89|297.89|297.91|297.86|297.88|297.93|297.9|297.92|297.82|297.9|297.85|297.87|297.83|297.89|297.82|297.85|297.86|297.81|297.88|297.83|297.89|297.93|297.9|297.85|297.88|297.93|297.84|297.9
236,237,6/15/2020 8:19,296.94|296.97|296.89|296.94|297.0|296.95
237,238,6/15/2020 8:20,298.05|298.11|298.1|298.14|298.15|298.11|298.15|298.16|298.08|298.11|298.05|298.06|298.13|298.09|298.1|298.15|298.06|298.08|298.05|298.05|298.15|298.07|298.1|298.07|298.13|298.14|298.15|298.09|298.07|298.09|298.15|298.09|298.06
238,239,6/15/2020 8:21,298.05|298.11|298.1|298.11|298.01|298.02|298.08|298.11|298.05|298.06|298.13|298.09|298.1|298.06|298.08|298.05|298.05|298.07|298.1|298.07|298.13|298.01|298.09|298.07|298.09|298.03|298.09|298.06
239,240,6/15/2020 8:22,297.74|297.81|297.71|297.78|297.77|297.72|297.8|297.82|297.77|297.83|297.73|297.74|297.82|297.81|297.71|297.83|297.73|297.8|297.75
240,241,6/15/2020 8:23,298.0|297.95|298.0|298.01|297.91|298.02|298.0|297.97|297.93|297.9|297.92|297.9|297.96|298.01|297.93|297.96|297.9|298.0|297.96|297.95|297.93|297.9
241,242,6/15/2020 8:24,297.81|297.78|297.77|297.89|297.89|297.86|297.8|297.88|297.82|297.85|297.87|297.77|297.83|297.89|297.82|297.85|297.86|297.81|297.88|297.83|297.89|297.85|297.88|297.8|297.84
242,243,6/15/2020 8:25,298.11|298.1|298.14|298.15|298.11|298.15|298.17|298.19|298.16|298.08|298.11|298.17|298.13|298.09|298.1|298.15|298.08|298.15|298.07|298.18|298.1|298.07|298.13|298.14|298.15|298.09|298.07|298.09|298.17|298.15|298.09|298.19|298.19
243,244,6/15/2020 8:26,298.11|298.1|298.14|298.2|298.15|298.11|298.15|298.17|298.19|298.16|298.08|298.11|298.2|298.17|298.13|298.09|298.1|298.15|298.08|298.2|298.15|298.18|298.1|298.13|298.14|298.15|298.09|298.2|298.09|298.17|298.15|298.2|298.09|298.19|298.19
244,245,6/15/2020 8:27,297.67|297.71|297.7|297.65|297.67|297.59|297.66|297.64|297.7|297.65|297.63|297.65|297.65|297.65|297.69|297.65|297.59|297.68|297.59|297.71
245,246,6/15/2020 8:28,297.53|297.53|297.58|297.56|297.59|297.52|297.64|297.55|297.52|297.63|297.57|297.58|297.59|297.59|297.58|297.54
246,247,6/15/2020 8:29,297.67|297.74|297.71|297.78|297.77|297.72|297.7|297.67|297.7|297.77|297.73|297.69|297.74|297.68|297.71|297.73|297.75
247,248,6/15/2020 8:30,297.67|297.74|297.71|297.72|297.7|297.65|297.67|297.66|297.64|297.7|297.65|297.63|297.65|297.65|297.65|297.73|297.69|297.65|297.74|297.68|297.71|297.73|297.75
248,249,6/15/2020 8:31,297.67|297.71|297.7|297.65|297.67|297.59|297.66|297.64|297.7|297.65|297.63|297.65|297.65|297.65|297.69|297.65|297.59|297.68|297.59|297.71
249,250,6/15/2020 8:32,297.53|297.53|297.58|297.56|297.65|297.59|297.64|297.55|297.65|297.63|297.65|297.57|297.65|297.65|297.58|297.65|297.59|297.59|297.58|297.54
250,251,6/15/2020 8:33,297.74|297.71|297.78|297.77|297.72|297.7|297.7|297.8|297.77|297.73|297.69|297.74|297.68|297.71|297.73|297.8|297.75
251,252,6/15/2020 8:34,297.95|297.89|297.89|297.91|297.86|297.88|297.93|297.9|297.92|297.9|297.85|297.87|297.83|297.89|297.85|297.86|297.88|297.83|297.89|297.93|297.9|297.95|297.85|297.88|297.93|297.84|297.9
252,253,6/15/2020 8:35,297.81|297.78|297.77|297.86|297.8|297.88|297.82|297.85|297.87|297.77|297.83|297.82|297.85|297.86|297.81|297.88|297.83|297.85|297.88|297.8|297.84
253,254,6/15/2020 8:36,297.81|297.89|297.89|297.91|297.86|297.8|297.88|297.9|297.82|297.9|297.85|297.87|297.83|297.89|297.82|297.85|297.86|297.81|297.88|297.83|297.89|297.9|297.85|297.88|297.8|297.84|297.9
254,255,6/15/2020 8:37,297.67|297.74|297.71|297.72|297.7|297.65|297.67|297.66|297.64|297.7|297.65|297.63|297.65|297.65|297.65|297.73|297.69|297.65|297.74|297.68|297.71|297.73
255,256,6/15/2020 8:38,297.43|297.53|297.43|297.53|297.46|297.48|297.52|297.44|297.51|297.55|297.47|297.52|297.51|297.49|297.54
256,257,6/15/2020 8:39,297.81|297.89|297.89|297.91|297.86|297.8|297.88|297.9|297.92|297.82|297.9|297.85|297.87|297.83|297.89|297.82|297.85|297.86|297.81|297.88|297.83|297.89|297.9|297.85|297.88|297.8|297.84|297.9
257,258,6/15/2020 8:40,297.81|297.78|297.77|297.86|297.8|297.82|297.85|297.87|297.77|297.83|297.82|297.85|297.86|297.81|297.83|297.85|297.8|297.84|297.75
258,259,6/15/2020 8:41,297.89|297.89|297.91|297.86|297.88|297.93|297.9|297.92|297.82|297.9|297.85|297.87|297.83|297.89|297.82|297.85|297.86|297.88|297.83|297.89|297.93|297.9|297.85|297.88|297.93|297.84|297.9
259,260,6/15/2020 8:42,297.53|297.53|297.58|297.56|297.65|297.59|297.64|297.55|297.65|297.63|297.65|297.57|297.65|297.65|297.58|297.65|297.59|297.59|297.58|297.54
260,261,6/15/2020 8:43,297.67|297.74|297.71|297.77|297.72|297.7|297.65|297.67|297.66|297.7|297.65|297.65|297.65|297.77|297.65|297.73|297.69|297.65|297.74|297.68|297.71|297.73|297.75
261,262,6/15/2020 8:44,297.81|297.78|297.77|297.89|297.89|297.86|297.8|297.88|297.82|297.85|297.87|297.77|297.83|297.89|297.82|297.85|297.86|297.81|297.88|297.83|297.89|297.85|297.88|297.8|297.84
262,263,6/15/2020 8:45,298.24|298.26|298.2|298.22|298.17|298.25|298.19|298.16|298.2|298.17|298.2|298.18|298.25|298.22|298.25|298.2|298.26|298.22|298.23|298.17|298.28|298.22|298.2|298.19|298.19|298.22|298.27
263,264,6/15/2020 8:46,298.0|298.05|297.95|298.0|298.01|298.02|298.0|298.05|298.06|297.97|298.06|298.05|298.05|298.07|298.07|297.96|298.01|298.07|297.96|298.0|297.96|297.95|298.03|298.06
264,265,6/15/2020 8:47,298.11|298.1|298.14|298.2|298.15|298.11|298.15|298.17|298.19|298.16|298.11|298.2|298.17|298.13|298.09|298.1|298.15|298.2|298.15|298.18|298.1|298.13|298.14|298.15|298.09|298.2|298.09|298.17|298.15|298.2|298.09|298.19|298.19
265,266,6/15/2020 8:48,298.05|298.11|298.1|298.14|298.15|298.11|298.15|298.08|298.11|298.05|298.06|298.13|298.09|298.1|298.15|298.06|298.08|298.05|298.05|298.15|298.07|298.1|298.07|298.13|298.14|298.15|298.09|298.07|298.09|298.03|298.15|298.09|298.06
266,267,6/15/2020 8:49,297.95|297.89|297.89|297.91|297.86|297.88|297.93|297.9|297.92|297.9|297.85|297.87|297.83|297.89|297.85|297.86|297.88|297.83|297.89|297.93|297.9|297.95|297.85|297.88|297.93|297.84|297.9
267,268,6/15/2020 8:50,298.05|298.11|298.1|298.11|298.01|298.02|298.08|298.11|298.05|298.06|298.13|298.09|298.1|298.06|298.08|298.05|298.05|298.07|298.1|298.07|298.13|298.01|298.09|298.07|298.09|298.03|298.09|298.06
268,269,6/15/2020 8:51,298.35|298.24|298.26|298.35|298.3|298.25|298.31|298.29|298.32|298.29|298.29|298.3|298.35|298.31|298.25|298.3|298.29|298.3|298.25|298.3|298.26|298.28|298.31|298.27|298.3
269,270,6/15/2020 8:52,298.24|298.26|298.3|298.2|298.22|298.25|298.19|298.2|298.31|298.29|298.2|298.29|298.29|298.3|298.31|298.25|298.3|298.29|298.22|298.3|298.25|298.3|298.2|298.26|298.22|298.23|298.28|298.22|298.2|298.19|298.19|298.31|298.22|298.27|298.3
270,271,6/15/2020 8:53,298.35|298.35|298.4|298.42|298.42|298.4|298.47|298.44|298.44|298.4|298.38|298.42|298.45|298.41|298.4|298.45|298.4|298.35|298.45|298.41|298.39|298.39|298.43|298.47
271,272,6/15/2020 8:54,298.5|298.48|298.52|298.52|298.55|298.51|298.47|298.53|298.57|298.55|298.53|298.48|298.56|298.45|298.51|298.45|298.52|298.45|298.51|298.57|298.53|298.47|298.48
272,273,6/15/2020 8:55,298.35|298.24|298.26|298.35|298.3|298.25|298.31|298.29|298.32|298.29|298.29|298.3|298.35|298.31|298.25|298.3|298.29|298.3|298.25|298.3|298.26|298.28|298.31|298.27|298.3
273,274,6/15/2020 8:56,298.24|298.26|298.14|298.2|298.15|298.22|298.15|298.17|298.25|298.19|298.16|298.2|298.17|298.15|298.2|298.15|298.18|298.25|298.14|298.22|298.15|298.25|298.2|298.26|298.22|298.23|298.17|298.15|298.22|298.2|298.19|298.19|298.22
274,275,6/15/2020 8:57,297.95|297.89|297.89|297.91|297.97|297.88|297.93|297.9|297.92|297.9|297.87|297.96|297.89|297.88|297.89|297.93|297.96|297.9|297.96|297.95|297.88|297.93|297.9
275,276,6/15/2020 8:58,298.0|297.95|298.0|298.01|297.91|298.02|298.0|297.97|297.93|297.9|297.92|297.9|297.96|298.01|297.93|297.96|297.9|298.0|297.96|297.95|297.93|297.9
276,277,6/15/2020 8:59,297.67|297.74|297.71|297.78|297.77|297.72|297.7|297.67|297.7|297.77|297.73|297.69|297.74|297.68|297.71|297.73|297.75
277,278,6/15/2020 9:00,297.95|297.89|297.89|297.91|297.86|297.88|297.93|297.9|297.92|297.9|297.85|297.87|297.96|297.89|297.85|297.86|297.88|297.89|297.93|297.96|297.9|297.96|297.95|297.85|297.88|297.93|297.84|297.9
278,279,6/15/2020 9:01,298.0|298.05|297.95|298.0|298.01|298.02|298.0|298.05|298.06|297.97|298.06|298.05|298.05|297.96|298.01|297.96|298.0|297.96|297.95|298.03|298.06
279,280,6/15/2020 9:02,298.0|297.95|298.0|298.01|297.91|298.02|298.0|297.97|297.93|297.9|297.92|297.9|297.96|298.01|297.93|297.96|297.9|298.0|297.96|297.95|297.93|297.9
280,281,6/15/2020 9:03,298.24|298.26|298.3|298.2|298.22|298.25|298.2|298.31|298.29|298.2|298.32|298.29|298.29|298.3|298.31|298.25|298.3|298.29|298.22|298.3|298.25|298.3|298.2|298.26|298.22|298.23|298.28|298.22|298.2|298.31|298.22|298.27|298.3
281,282,6/15/2020 9:04,298.24|298.26|298.2|298.22|298.17|298.25|298.19|298.16|298.2|298.17|298.2|298.18|298.25|298.22|298.25|298.2|298.26|298.22|298.23|298.17|298.28|298.22|298.2|298.19|298.19|298.22|298.27
282,283,6/15/2020 9:05,298.05|298.11|298.1|298.14|298.15|298.11|298.15|298.08|298.11|298.05|298.06|298.13|298.09|298.1|298.15|298.06|298.08|298.05|298.05|298.15|298.07|298.1|298.07|298.13|298.14|298.15|298.09|298.07|298.09|298.03|298.15|298.09|298.06
283,284,6/15/2020 9:06,298.0|297.95|298.0|297.89|297.89|298.01|297.91|298.0|297.97|297.93|297.9|297.92|297.9|297.96|297.89|298.01|297.89|297.93|297.96|297.9|298.0|297.96|297.95|297.93|297.9
284,285,6/15/2020 9:07,298.0|298.05|298.0|298.01|298.02|298.08|298.0|298.05|298.06|297.97|298.09|298.06|298.08|298.05|298.05|298.07|298.07|298.01|298.09|298.07|298.0|298.09|298.03|298.09|298.06
285,286,6/15/2020 9:08,298.24|298.26|298.2|298.22|298.17|298.25|298.19|298.2|298.17|298.29|298.2|298.29|298.29|298.18|298.25|298.29|298.22|298.25|298.2|298.26|298.22|298.23|298.17|298.28|298.22|298.2|298.19|298.19|298.22|298.27
286,287,6/15/2020 9:09,298.11|298.14|298.2|298.15|298.11|298.22|298.15|298.17|298.19|298.16|298.11|298.2|298.17|298.13|298.15|298.2|298.15|298.18|298.13|298.14|298.22|298.15|298.2|298.22|298.23|298.17|298.15|298.22|298.2|298.19|298.19|298.22
287,288,6/15/2020 9:10,298.24|298.26|298.3|298.22|298.25|298.31|298.29|298.32|298.29|298.29|298.3|298.31|298.25|298.3|298.29|298.22|298.3|298.25|298.3|298.26|298.22|298.23|298.28|298.22|298.31|298.22|298.27|298.3
288,289,6/15/2020 9:11,298.11|298.1|298.14|298.2|298.15|298.11|298.15|298.17|298.19|298.16|298.11|298.2|298.17|298.13|298.09|298.1|298.15|298.2|298.15|298.18|298.1|298.13|298.14|298.15|298.09|298.2|298.09|298.17|298.15|298.2|298.09|298.19|298.19
289,290,6/15/2020 9:12,298.24|298.26|298.2|298.22|298.17|298.25|298.19|298.16|298.2|298.17|298.2|298.18|298.25|298.22|298.25|298.2|298.26|298.22|298.23|298.17|298.28|298.22|298.2|298.19|298.19|298.22|298.27
290,291,6/15/2020 9:13,298.24|298.26|298.14|298.2|298.15|298.22|298.15|298.17|298.25|298.19|298.16|298.2|298.17|298.15|298.2|298.15|298.18|298.25|298.14|298.22|298.15|298.25|298.2|298.26|298.22|298.23|298.17|298.15|298.22|298.2|298.19|298.19|298.22
291,292,6/15/2020 9:14,298.05|298.11|298.1|298.14|298.15|298.11|298.15|298.08|298.11|298.05|298.06|298.13|298.09|298.1|298.15|298.06|298.08|298.05|298.05|298.15|298.07|298.1|298.07|298.13|298.14|298.15|298.09|298.07|298.09|298.03|298.15|298.09|298.06
292,293,6/15/2020 9:15,298.0|298.05|298.11|298.1|298.0|298.11|298.01|298.02|298.08|298.11|298.0|298.05|298.06|298.09|298.1|298.06|298.08|298.05|298.05|298.07|298.1|298.07|298.01|298.09|298.07|298.0|298.09|298.03|298.09|298.06
293,294,6/15/2020 9:16,298.24|298.14|298.2|298.15|298.22|298.15|298.17|298.25|298.19|298.16|298.2|298.17|298.13|298.15|298.2|298.15|298.18|298.25|298.13|298.14|298.22|298.15|298.25|298.2|298.22|298.23|298.17|298.15|298.22|298.2|298.19|298.19|298.22
294,295,6/15/2020 9:17,298.24|298.14|298.2|298.15|298.22|298.15|298.17|298.25|298.19|298.16|298.2|298.17|298.13|298.15|298.2|298.15|298.18|298.25|298.13|298.14|298.22|298.15|298.25|298.2|298.22|298.23|298.17|298.15|298.22|298.2|298.19|298.19|298.22
295,296,6/15/2020 9:18,298.35|298.35|298.4|298.42|298.42|298.4|298.44|298.44|298.4|298.38|298.42|298.45|298.41|298.4|298.45|298.4|298.35|298.45|298.41|298.39|298.39|298.43
296,297,6/15/2020 9:19,298.35|298.26|298.35|298.3|298.25|298.31|298.29|298.32|298.29|298.29|298.3|298.35|298.31|298.25|298.3|298.29|298.3|298.25|298.3|298.26|298.28|298.31|298.27|298.3
297,298,6/15/2020 9:20,298.24|298.26|298.2|298.22|298.17|298.25|298.19|298.16|298.2|298.17|298.2|298.18|298.25|298.22|298.25|298.2|298.26|298.22|298.23|298.17|298.28|298.22|298.2|298.19|298.19|298.22|298.27
298,299,6/15/2020 9:21,298.35|298.35|298.4|298.42|298.42|298.4|298.44|298.44|298.4|298.38|298.42|298.45|298.41|298.4|298.45|298.4|298.35|298.45|298.41|298.39|298.39|298.43
299,300,6/15/2020 9:22,297.81|297.89|297.89|297.91|297.86|297.8|297.88|297.9|297.82|297.9|297.85|297.87|297.83|297.89|297.82|297.85|297.86|297.81|297.88|297.83|297.89|297.9|297.85|297.88|297.8|297.84|297.9
300,301,6/15/2020 9:23,297.89|297.89|297.91|297.86|297.88|297.93|297.9|297.92|297.82|297.9|297.85|297.87|297.83|297.89|297.82|297.85|297.86|297.88|297.83|297.89|297.93|297.9|297.85|297.88|297.93|297.84|297.9
301,302,6/15/2020 9:24,297.95|297.89|297.89|297.91|297.97|297.88|297.93|297.9|297.92|297.9|297.87|297.96|297.89|297.88|297.89|297.93|297.96|297.9|297.96|297.95|297.88|297.93|297.9
302,303,6/15/2020 9:25,297.74|297.81|297.78|297.77|297.86|297.8|297.82|297.85|297.77|297.83|297.74|297.82|297.85|297.86|297.81|297.83|297.85|297.8|297.84|297.75
303,304,6/15/2020 9:26,297.53|297.53|297.58|297.56|297.59|297.52|297.64|297.55|297.52|297.63|297.57|297.58|297.59|297.59|297.58|297.54
304,305,6/15/2020 9:27,297.81|297.78|297.89|297.89|297.86|297.8|297.88|297.9|297.82|297.9|297.85|297.87|297.83|297.89|297.82|297.85|297.86|297.81|297.88|297.83|297.89|297.9|297.85|297.88|297.8|297.84|297.9
305,306,6/15/2020 9:28,297.74|297.81|297.71|297.78|297.77|297.72|297.7|297.7|297.8|297.77|297.73|297.69|297.74|297.81|297.71|297.73|297.8|297.75
306,307,6/15/2020 9:29,297.95|297.89|297.89|297.91|297.86|297.88|297.93|297.9|297.92|297.9|297.85|297.87|297.96|297.89|297.85|297.86|297.88|297.89|297.93|297.96|297.9|297.96|297.95|297.85|297.88|297.93|297.84|297.9
307,308,6/15/2020 9:30,298.52|298.52|298.55|298.51|298.53|298.6|298.57|298.55|298.53|298.56|298.51|298.52|298.51|298.57|298.53|298.62
308,309,6/15/2020 9:31,298.5|298.48|298.52|298.52|298.55|298.51|298.47|298.53|298.57|298.55|298.53|298.48|298.56|298.51|298.52|298.51|298.57|298.53|298.47|298.48
309,310,6/15/2020 9:32,298.4|298.48|298.42|298.42|298.4|298.47|298.44|298.44|298.4|298.48|298.38|298.42|298.45|298.41|298.4|298.45|298.4|298.45|298.41|298.39|298.39|298.43|298.47|298.48
310,311,6/15/2020 9:33,297.35|297.37|297.26|297.3|297.35|297.3|297.26|297.32
311,312,6/15/2020 9:34,297.08|297.12|297.02|297.13|297.13|297.09|297.1|297.1|297.1|297.08
312,313,6/15/2020 9:35,297.53|297.53|297.58|297.56|297.59|297.48|297.52|297.51|297.55|297.52|297.57|297.51|297.58|297.59|297.49|297.59|297.58|297.54
313,314,6/15/2020 9:36,298.5|298.48|298.52|298.52|298.42|298.42|298.51|298.47|298.53|298.44|298.53|298.44|298.48|298.42|298.45|298.51|298.41|298.45|298.52|298.45|298.41|298.51|298.53|298.43|298.47|298.48
314,315,6/15/2020 9:37,299.03|299.01|299.01|298.93|298.91|298.99|298.99|298.97|298.93|298.99
315,316,6/15/2020 9:38,298.93|298.91|298.99|298.99|298.97|298.93|298.88|298.88|298.99
316,317,6/15/2020 9:39,298.78|298.76|298.74|298.72|298.7|298.75|298.8|298.75|298.77
317,318,6/15/2020 9:40,299.05|299.05|299.11|299.03|299.01|299.01|299.04|299.06|299.09
318,319,6/15/2020 9:41,299.05|299.05|299.11|299.14|299.03|299.15|299.13|299.04|299.13|299.15|299.06|299.09
319,320,6/15/2020 9:42,299.25|299.18|299.2|299.18|299.14|299.21|299.23|299.21|299.24|299.15|299.19|299.16|299.13|299.25|299.16|299.16|299.13|299.15|299.19
320,321,6/15/2020 9:43,298.78|298.76|298.86|298.8|298.85|298.82|298.77|298.88|298.88
321,322,6/15/2020 9:44,298.78|298.76|298.74|298.72|298.75|298.8|298.75|298.82|298.77
322,323,6/15/2020 9:45,298.64|298.6|298.57|298.56|298.57|298.62|298.66
323,324,6/15/2020 9:46,298.24|298.26|298.3|298.22|298.25|298.31|298.29|298.32|298.29|298.29|298.3|298.31|298.25|298.3|298.29|298.22|298.3|298.25|298.3|298.26|298.22|298.23|298.28|298.22|298.31|298.22|298.27|298.3
324,325,6/15/2020 9:47,298.35|298.24|298.26|298.35|298.3|298.25|298.31|298.29|298.32|298.29|298.29|298.3|298.35|298.31|298.25|298.3|298.29|298.3|298.25|298.3|298.26|298.28|298.31|298.27|298.3
325,326,6/15/2020 9:48,298.64|298.6|298.72|298.7|298.62|298.66
326,327,6/15/2020 9:49,298.5|298.48|298.52|298.52|298.42|298.42|298.51|298.47|298.53|298.44|298.53|298.44|298.48|298.42|298.45|298.51|298.45|298.52|298.45|298.51|298.53|298.43|298.47|298.48
327,328,6/15/2020 9:50,298.93|298.86|298.91|298.85|298.93|298.82|298.88|298.88
328,329,6/15/2020 9:51,298.93|298.86|298.91|298.85|298.93|298.82|298.88|298.88
329,330,6/15/2020 9:52,299.05|299.05|299.03|299.01|299.01|298.93|298.99|298.99|299.04|298.97|298.93|298.99
330,331,6/15/2020 9:53,299.4|299.48|299.48|299.48|299.41|299.43|299.42
331,332,6/15/2020 9:54,299.74|299.75|299.77|299.79
332,333,6/15/2020 9:55,299.86|299.87|299.86|299.92
333,334,6/15/2020 9:56,299.86|299.87|299.86|299.92
334,335,6/15/2020 9:57,299.63|299.57|299.62|299.61
335,336,6/15/2020 9:58,299.86|299.87|299.86|299.92
336,337,6/15/2020 9:59,299.96|299.92|299.99
337,338,6/15/2020 10:00,299.5|299.48|299.48|299.48|299.54|299.57
338,339,6/15/2020 10:01,299.63|299.54|299.57|299.62|299.61
339,340,6/15/2020 10:02,299.86|299.87|299.86|299.96|299.92
340,341,6/15/2020 10:03,300.15|300.17|300.1|300.17
341,342,6/15/2020 10:04,300.22|300.28|300.28|300.17|300.28|300.17|300.23
342,343,6/15/2020 10:05,300.53|300.54|300.55|300.52|300.51|300.5|300.5
343,344,6/15/2020 10:06,300.74|300.7|300.77
344,345,6/15/2020 10:07,300.53|300.54|300.55|300.52|300.51|300.5|300.5
345,346,6/15/2020 10:08,300.9|300.91|300.88|300.91|300.93|300.85|300.84|300.93
346,347,6/15/2020 10:09,300.9|300.91|300.88|300.97|300.91|300.93|300.85|300.93
347,348,6/15/2020 10:10,300.9|300.91|300.88|300.91|300.93|300.85|300.84|300.93|300.82
348,349,6/15/2020 10:11,301.01|300.97|301.03|301.07|301.0|301.01
349,350,6/15/2020 10:12,300.91|301.01|300.97|301.03|300.91|300.93|301.0|301.01|300.93
350,351,6/15/2020 10:13,301.01|300.97|301.03|301.07|301.0|301.01
351,352,6/15/2020 10:14,300.9|300.91|300.88|300.97|300.91|300.93|300.85|300.93
352,353,6/15/2020 10:15,300.53|300.54|300.55|300.52|300.51|300.5|300.5
353,354,6/15/2020 10:16,300.53|300.54|300.55|300.52|300.51|300.5|300.5
354,355,6/15/2020 10:17,300.9|300.91|300.88|300.97|300.91|300.93|300.93
355,356,6/15/2020 10:18,300.74|300.7
356,357,6/15/2020 10:19,301.16|301.21|301.18|301.22|301.22|301.14|301.2
357,358,6/15/2020 10:20,300.9|300.91|300.88|300.91|300.85|300.84|300.82
358,359,6/15/2020 10:21,300.74|300.77|300.82
359,360,6/15/2020 10:22,300.45|300.51|300.41|300.5|300.5|300.41
360,361,6/15/2020 10:23,300.53|300.54|300.55|300.52|300.45|300.51|300.5|300.5
361,362,6/15/2020 10:24,300.22|300.28|300.28|300.33|300.33|300.28|300.23
362,363,6/15/2020 10:25,300.45|300.41|300.41
363,364,6/15/2020 10:26,300.22|300.28|300.28|300.33|300.33|300.28|300.23
364,365,6/15/2020 10:27,300.28|300.28|300.33|300.33|300.28
365,366,6/15/2020 10:28,300.15|300.22|300.17|300.17|300.23
366,367,6/15/2020 10:29,299.96|299.99
367,368,6/15/2020 10:30,299.74|299.75|299.77|299.79
368,369,6/15/2020 10:31,299.74|299.75|299.77|299.79
369,370,6/15/2020 10:32,300.06|300.1|300.07
370,371,6/15/2020 10:33,300.28|300.28|300.33|300.33|300.28
371,372,6/15/2020 10:34,300.53|300.54|300.55|300.52|300.45|300.51|300.5|300.5
372,373,6/15/2020 10:35,300.22|300.28|300.28|300.33|300.33|300.28|300.23
373,374,6/15/2020 10:36,300.15|300.06|300.1|300.07
374,375,6/15/2020 10:37,300.53|300.54|300.55|300.52|300.45|300.51|300.5|300.5
375,376,6/15/2020 10:38,300.15|300.22|300.17|300.17|300.23
376,377,6/15/2020 10:39,299.74|299.75|299.77|299.79
377,378,6/15/2020 10:40,299.4|299.48|299.48|299.48|299.41|299.43|299.42
378,379,6/15/2020 10:41,299.63|299.57|299.62|299.61
379,380,6/15/2020 10:42,299.63|299.57|299.62|299.61
380,381,6/15/2020 10:43,300.06|300.1|300.07
381,382,6/15/2020 10:44,300.22|300.28|300.28|300.17|300.28|300.17|300.23
382,383,6/15/2020 10:45,300.45|300.41|300.41
383,384,6/15/2020 10:46,301.25|301.25|301.21|301.27|301.22|301.3|301.22|301.27|301.2
384,385,6/15/2020 10:47,301.25|301.25|301.21|301.27|301.22|301.3|301.22|301.27|301.2
385,386,6/15/2020 10:48,301.01|301.03|301.07|301.01
386,387,6/15/2020 10:49,301.01|300.97|301.03|301.0|301.01
387,388,6/15/2020 10:50,300.9|300.88|300.85|300.84|300.82
388,389,6/15/2020 10:51,301.16|301.25|301.25|301.21|301.18|301.27|301.22|301.22|301.27|301.2
389,390,6/15/2020 10:52,301.59|301.63|301.6|301.64|301.64
390,391,6/15/2020 10:53,301.59|301.63|301.6|301.68|301.68|301.64|301.64|301.66|301.69
391,392,6/15/2020 10:54,301.46|301.48|301.48|301.5|301.45|301.5|301.49|301.46|301.46
392,393,6/15/2020 10:55,301.59|301.63|301.6|301.64|301.64|301.66
393,394,6/15/2020 10:56,301.46|301.48|301.48|301.5|301.45|301.5|301.49|301.46|301.46
394,395,6/15/2020 10:57,301.16|301.21|301.18|301.22|301.22|301.14|301.2
395,396,6/15/2020 10:58,301.01|300.97|301.03|301.07|301.0|301.01
396,397,6/15/2020 10:59,300.9|300.91|300.88|300.97|300.91|300.93|300.93
397,398,6/15/2020 11:00,300.88|300.85|300.77|300.84|300.82
398,399,6/15/2020 11:01,301.39|301.45
399,400,6/15/2020 11:02,301.46|301.48|301.48|301.5|301.45|301.5|301.49|301.46|301.46
400,401,6/15/2020 11:03,302.06|302.1|302.1|302.06|302.04|302.09
401,402,6/15/2020 11:04,302.18|302.16|302.16|302.22
402,403,6/15/2020 11:05,302.28|302.26|302.31|302.26|302.31|302.22
403,404,6/15/2020 11:06,302.06|302.1|302.16|302.1|302.06|302.16|302.04|302.09
404,405,6/15/2020 11:07,302.28|302.26|302.31|302.26|302.31|302.22
405,406,6/15/2020 11:08,302.38|302.44|302.38
406,407,6/15/2020 11:09,302.28|302.26|302.31|302.26|302.31
407,408,6/15/2020 11:10,302.18|302.1|302.16|302.1|302.16|302.22
408,409,6/15/2020 11:11,302.06|302.1|302.16|302.1|302.06|302.16|302.04|302.09
409,410,6/15/2020 11:12,302.28|302.26|302.31|302.26|302.31|302.22
410,411,6/15/2020 11:13,302.38|302.44|302.38
411,412,6/15/2020 11:14,302.38|302.44|302.38
412,413,6/15/2020 11:15,301.71|301.68|301.68|301.73|301.77|301.7|301.66|301.69|301.72
413,414,6/15/2020 11:16,301.63|301.71|301.68|301.68|301.73|301.64|301.7|301.64|301.66|301.69|301.72
414,415,6/15/2020 11:17,301.63|301.71|301.68|301.68|301.73|301.64|301.7|301.64|301.66|301.69|301.72
415,416,6/15/2020 11:18,301.83|301.79|301.77|301.78|301.78|301.83|301.86|301.81|301.82
416,417,6/15/2020 11:19,301.9|301.96|301.92|301.95|301.86|301.92
417,418,6/15/2020 11:20,301.9|301.96|301.92|301.95|301.99|301.97|301.92
418,419,6/15/2020 11:21,301.71|301.68|301.68|301.73|301.79|301.77|301.78|301.78|301.7|301.69|301.72
419,420,6/15/2020 11:22,301.83|301.73|301.79|301.77|301.78|301.78|301.83|301.81|301.82
420,421,6/15/2020 11:23,301.9|301.96|301.92|301.95|301.86|301.97|301.92
421,422,6/15/2020 11:24,302.51
422,423,6/15/2020 11:25,302.28|302.26|302.31|302.26|302.31
423,424,6/15/2020 11:26,301.46|301.48|301.48|301.5|301.45|301.5|301.49|301.46|301.46
424,425,6/15/2020 11:27,301.71|301.83|301.73|301.79|301.77|301.78|301.78|301.83|301.81|301.72|301.82
425,426,6/15/2020 11:28,302.06|302.1|302.1|302.06|302.04|302.09
426,427,6/15/2020 11:29,301.83|301.73|301.79|301.77|301.78|301.78|301.83|301.81|301.72|301.82
427,428,6/15/2020 11:30,301.59|301.63|301.6|301.68|301.68|301.64|301.7|301.64|301.66|301.69
428,429,6/15/2020 11:31,301.46|301.48|301.39|301.48|301.5|301.45|301.5|301.49|301.46|301.46
429,430,6/15/2020 11:32,301.83|301.73|301.79|301.77|301.78|301.78|301.83|301.81|301.72|301.82
430,431,6/15/2020 11:33,301.9|301.96|301.92|301.95|301.99|301.97|301.92
431,432,6/15/2020 11:34,301.46|301.48|301.48|301.5|301.45|301.5|301.49|301.46|301.46
432,433,6/15/2020 11:35,301.83|301.79|301.77|301.78|301.78|301.83|301.86|301.81|301.82
433,434,6/15/2020 11:36,301.83|301.9|301.92|301.83|301.86|301.81|301.92|301.82
434,435,6/15/2020 11:37,302.18|302.1|302.16|302.1|302.16|302.22
435,436,6/15/2020 11:38,301.96|301.95|301.99|301.97|302.04
436,437,6/15/2020 11:39,301.96|301.92|301.95|301.99|301.97|301.92
437,438,6/15/2020 11:40,302.18|302.28|302.26|302.16|302.26|302.16|302.22
438,439,6/15/2020 11:41,302.06|302.1|302.1|302.06|301.99|302.04|302.09
439,440,6/15/2020 11:42,301.71|301.68|301.68|301.73|301.64|301.7|301.64|301.66|301.69|301.72
440,441,6/15/2020 11:43,301.46|301.48|301.48|301.5|301.45|301.5|301.49|301.46|301.46
441,442,6/15/2020 11:44,301.25|301.25|301.21|301.27|301.22|301.3|301.22|301.27
442,443,6/15/2020 11:45,301.16|301.25|301.25|301.21|301.18|301.27|301.22|301.22|301.27|301.2
443,444,6/15/2020 11:46,301.25|301.25|301.27|301.3|301.27
444,445,6/15/2020 11:47,301.16|301.25|301.25|301.21|301.18|301.27|301.22|301.22|301.27|301.2
445,446,6/15/2020 11:48,301.16|301.18|301.14|301.2
446,447,6/15/2020 11:49,301.46|301.48|301.48|301.5|301.45|301.5|301.49|301.46|301.46
447,448,6/15/2020 11:50,301.59|301.63|301.6|301.68|301.68|301.64|301.7|301.64|301.66|301.69
448,449,6/15/2020 11:51,301.83|301.79|301.77|301.78|301.78|301.83|301.86|301.81|301.82
449,450,6/15/2020 11:52,301.63|301.6|301.71|301.68|301.68|301.64|301.7|301.64|301.66|301.69|301.72
450,451,6/15/2020 11:53,301.25|301.25|301.21|301.27|301.22|301.3|301.22|301.27
451,452,6/15/2020 11:54,301.16|301.25|301.25|301.21|301.18|301.22|301.22|301.14|301.2
452,453,6/15/2020 11:55,301.46|301.48|301.48|301.5|301.45|301.5|301.49|301.46|301.46
453,454,6/15/2020 11:56,301.63|301.71|301.68|301.68|301.73|301.64|301.7|301.64|301.66|301.69|301.72
454,455,6/15/2020 11:57,301.71|301.68|301.68|301.73|301.77|301.78|301.78|301.7|301.66|301.69|301.72
455,456,6/15/2020 11:58,302.06|302.1|302.1|302.06|302.04|302.09
456,457,6/15/2020 11:59,301.9|301.96|301.92|301.95|301.86|301.97|301.92
457,458,6/15/2020 12:00,301.83|301.79|301.77|301.78|301.78|301.83|301.86|301.81|301.82
458,459,6/15/2020 12:01,302.58
459,460,6/15/2020 12:02,302.76
460,461,6/15/2020 12:03,303.01|303.07|303.01|303.06|302.98|303.04
461,462,6/15/2020 12:04,303.01|303.07|303.09|303.01|303.08|303.09|303.09|303.06|303.04|303.12
462,463,6/15/2020 12:05,303.07|303.09|303.08|303.09|303.09|303.06|303.04|303.12
463,464,6/15/2020 12:06,303.01|303.07|303.01|303.06|302.98|303.04
464,465,6/15/2020 12:07,303.27|303.23|303.25|303.27|303.26
465,466,6/15/2020 12:08,303.07|303.09|303.08|303.09|303.09|303.06|303.04|303.12
466,467,6/15/2020 12:09,303.19|303.23|303.16|303.25|303.17
467,468,6/15/2020 12:10,303.27|303.19|303.23|303.25|303.27|303.17|303.26
468,469,6/15/2020 12:11,303.07|303.09|303.08|303.09|303.09|303.06|303.04|303.12
469,470,6/15/2020 12:12,303.07|303.09|303.08|303.09|303.09|303.06|303.04|303.12
470,471,6/15/2020 12:13,303.01|303.07|303.09|303.01|303.08|303.09|303.09|303.06|303.04|303.12
471,472,6/15/2020 12:14,303.01|303.01|302.98|303.04
472,473,6/15/2020 12:15,303.01|303.07|303.09|303.01|303.08|303.09|303.09|303.06|302.98|303.04
473,474,6/15/2020 12:16,303.19|303.16|303.17|303.12
474,475,6/15/2020 12:17,303.27|303.19|303.23|303.25|303.27|303.26
475,476,6/15/2020 12:18,303.45|303.49|303.43|303.48|303.44|303.46|303.48
476,477,6/15/2020 12:19,303.45|303.49|303.43|303.48|303.44|303.46|303.52|303.48|303.53
477,478,6/15/2020 12:20,303.45|303.49|303.43|303.48|303.44|303.46|303.48
478,479,6/15/2020 12:21,303.45|303.49|303.43|303.48|303.44|303.46|303.52|303.48|303.53
479,480,6/15/2020 12:22,303.59|303.65|303.56|303.58|303.58|303.53|303.65
480,481,6/15/2020 12:23,303.67|303.68|303.69|303.68|303.65|303.67|303.67|303.65
481,482,6/15/2020 12:24,303.74|303.68|303.69|303.68|303.74|303.77|303.74|303.74
482,483,6/15/2020 12:25,303.67|303.74|303.68|303.69|303.68|303.65|303.74|303.67|303.74|303.67|303.65|303.74
483,484,6/15/2020 12:26,303.67|303.74|303.68|303.69|303.68|303.65|303.74|303.67|303.74|303.67|303.65|303.74
484,485,6/15/2020 12:27,303.67|303.74|303.68|303.69|303.68|303.65|303.74|303.67|303.74|303.67|303.65|303.74
485,486,6/15/2020 12:28,303.59|303.67|303.68|303.69|303.68|303.65|303.67|303.67|303.65
486,487,6/15/2020 12:29,303.59|303.56|303.52|303.58|303.58|303.53
487,488,6/15/2020 12:30,303.45|303.49|303.43|303.48|303.44|303.46|303.48
488,489,6/15/2020 12:31,303.27|303.23|303.25|303.27|303.26
489,490,6/15/2020 12:32,303.19|303.23|303.16|303.17|303.12
490,491,6/15/2020 12:33,303.27|303.23|303.25|303.27|303.26
491,492,6/15/2020 12:34,303.07|303.09|303.08|303.09|303.09|303.06|303.16|303.17|303.12
492,493,6/15/2020 12:35,303.45|303.49|303.43|303.48|303.44|303.46|303.52|303.48
493,494,6/15/2020 12:36,303.49|303.48|303.56|303.46|303.52|303.48|303.58|303.58|303.53
494,495,6/15/2020 12:37,303.45|303.49|303.43|303.48|303.44|303.46|303.52|303.48|303.53
495,496,6/15/2020 12:38,303.59|303.56|303.52|303.58|303.58|303.53
496,497,6/15/2020 12:39,303.59|303.56|303.52|303.58|303.58|303.53
497,498,6/15/2020 12:40,303.74|303.68|303.69|303.68|303.74|303.77|303.74|303.74
498,499,6/15/2020 12:41,303.67|303.68|303.69|303.68|303.65|303.67|303.67|303.65
499,500,6/15/2020 12:42,303.74|303.74|303.77|303.74|303.74|303.83
500,501,6/15/2020 12:43,303.74|303.68|303.69|303.68|303.74|303.77|303.74|303.74
501,502,6/15/2020 12:44,303.67|303.68|303.69|303.68|303.65|303.67|303.67|303.65
502,503,6/15/2020 12:45,303.49|303.48|303.59|303.56|303.52|303.48|303.58|303.58|303.53
503,504,6/15/2020 12:46,303.59|303.67|303.68|303.69|303.68|303.65|303.67|303.67|303.65
504,505,6/15/2020 12:47,304.01|303.98|303.97|304.07|303.97|304.03|304.05|303.95|304.02|304.04|304.06
505,506,6/15/2020 12:48,304.12|304.07|304.09|304.12|304.09|304.09|304.14|304.12|304.18|304.17|304.06
506,507,6/15/2020 12:49,304.01|303.98|303.97|303.97|304.03|303.94|303.95|304.02|304.04
507,508,6/15/2020 12:50,304.01|303.98|303.97|303.97|304.03|303.94|303.95|303.91|304.02
508,509,6/15/2020 12:51,303.9|303.94|303.95|303.91
509,510,6/15/2020 12:52,303.74|303.68|303.69|303.68|303.74|303.77|303.74|303.74
510,511,6/15/2020 12:53,304.01|304.12|304.07|304.09|304.03|304.05|304.12|304.09|304.09|304.02|304.12|304.04|304.06
511,512,6/15/2020 12:54,304.12|304.07|304.09|304.03|304.05|304.12|304.09|304.09|304.14|304.12|304.04|304.06
512,513,6/15/2020 12:55,304.01|303.98|303.97|303.97|304.03|303.94|303.95|303.91|304.02
513,514,6/15/2020 12:56,304.01|303.98|303.97|304.07|304.09|303.97|304.03|304.05|304.09|304.09|304.02|304.04|304.06
514,515,6/15/2020 12:57,303.98|303.97|303.9|303.97|303.94|303.95|303.91
515,516,6/15/2020 12:58,304.22|304.23|304.22|304.24|304.27|304.2|304.19|304.27|304.22|304.25|304.21|304.18|304.17
516,517,6/15/2020 12:59,304.37|304.43|304.39|304.41|304.33|304.35
517,518,6/15/2020 13:00,304.22|304.23|304.22|304.24|304.27|304.2|304.19|304.27|304.22|304.25|304.21|304.18|304.17
518,519,6/15/2020 13:01,304.22|304.23|304.22|304.24|304.27|304.2|304.19|304.27|304.22|304.25|304.21|304.18|304.17
519,520,6/15/2020 13:02,304.22|304.23|304.22|304.24|304.27|304.2|304.19|304.27|304.22|304.25|304.21|304.18
520,521,6/15/2020 13:03,304.37|304.43|304.45|304.39|304.41|304.44|304.46|304.45|304.48|304.46
521,522,6/15/2020 13:04,304.52|304.5|304.51|304.52|304.54|304.46|304.57|304.51|304.48|304.46
522,523,6/15/2020 13:05,304.52|304.5|304.51|304.52|304.45|304.44|304.54|304.46|304.45|304.51|304.48|304.46
523,524,6/15/2020 13:06,304.52|304.5|304.51|304.52|304.45|304.54|304.46|304.45|304.57|304.51|304.48|304.46
524,525,6/15/2020 13:07,304.59|304.65|304.54|304.57|304.62|304.62
525,526,6/15/2020 13:08,304.59|304.65|304.71|304.62|304.62
526,527,6/15/2020 13:09,304.87|304.93|304.92|304.88|304.91|304.88|304.86
527,528,6/15/2020 13:10,304.87|304.93|304.92|304.88|304.91|304.88
528,529,6/15/2020 13:11,304.75|304.8|304.75|304.73|304.75|304.71
529,530,6/15/2020 13:12,304.75|304.8|304.75|304.75|304.86
530,531,6/15/2020 13:13,304.87|304.93|304.92|304.88|304.91|304.88|304.86
531,532,6/15/2020 13:14,304.87|304.93|304.92|304.88|304.91|304.88|304.86
532,533,6/15/2020 13:15,304.87|304.93|304.92|304.88|304.91|304.88|304.86
533,534,6/15/2020 13:16,305.03|305.07
534,535,6/15/2020 13:17,305.24|305.2|305.25|305.2|305.21|305.27
535,536,6/15/2020 13:18,304.75|304.8|304.75|304.73|304.75|304.71
536,537,6/15/2020 13:19,304.75|304.75|304.73|304.75|304.71
537,538,6/15/2020 13:20,304.87|304.93|304.92|304.88|304.91|304.88|304.86
538,539,6/15/2020 13:21,304.75|304.8|304.75|304.73|304.75|304.71
539,540,6/15/2020 13:22,304.52|304.5|304.51|304.52|304.54|304.46|304.57|304.51|304.48|304.46
540,541,6/15/2020 13:23,304.43|304.5|304.51|304.45|304.39|304.41|304.44|304.46|304.45|304.51|304.48|304.46
541,542,6/15/2020 13:24,304.37|304.43|304.45|304.39|304.41|304.44|304.33|304.35|304.45
542,543,6/15/2020 13:25,304.37|304.43|304.45|304.39|304.41|304.44|304.46|304.35|304.45|304.46
543,544,6/15/2020 13:26,304.43|304.5|304.45|304.39|304.41|304.44|304.46|304.45|304.48|304.46
544,545,6/15/2020 13:27,304.37|304.39|304.33|304.35|304.27|304.27
545,546,6/15/2020 13:28,304.52|304.5|304.51|304.59|304.52|304.54|304.57|304.51|304.48
546,547,6/15/2020 13:29,304.43|304.52|304.5|304.51|304.52|304.45|304.41|304.44|304.46|304.45|304.51|304.48|304.46
547,548,6/15/2020 13:30,304.37|304.39|304.41|304.33|304.35
548,549,6/15/2020 13:31,304.01|304.07|304.09|304.03|304.05|304.09|304.09|304.02|304.04|304.06
549,550,6/15/2020 13:32,304.22|304.23|304.22|304.24|304.33|304.27|304.27|304.22|304.25|304.21
550,551,6/15/2020 13:33,304.22|304.23|304.22|304.24|304.2|304.19|304.22|304.14|304.25|304.21|304.18|304.17
551,552,6/15/2020 13:34,304.22|304.23|304.22|304.24|304.2|304.19|304.22|304.14|304.25|304.21|304.18|304.17
552,553,6/15/2020 13:35,304.43|304.5|304.51|304.45|304.39|304.41|304.44|304.46|304.45|304.51|304.48|304.46
553,554,6/15/2020 13:36,304.52|304.51|304.59|304.52|304.54|304.57|304.51|304.62|304.62
554,555,6/15/2020 13:37,304.65|304.75|304.75|304.73|304.75|304.71
555,556,6/15/2020 13:38,304.52|304.5|304.51|304.52|304.45|304.54|304.46|304.45|304.57|304.51|304.48|304.46
556,557,6/15/2020 13:39,304.59|304.65|304.57|304.62|304.62
557,558,6/15/2020 13:40,304.59|304.65|304.57|304.62|304.62
558,559,6/15/2020 13:41,304.43|304.52|304.5|304.51|304.52|304.45|304.44|304.54|304.46|304.45|304.51|304.48|304.46
559,560,6/15/2020 13:42,304.22|304.23|304.22|304.24|304.33|304.27|304.27|304.22|304.25|304.21
560,561,6/15/2020 13:43,304.12|304.07|304.09|304.12|304.09|304.09|304.14|304.12|304.18|304.17|304.06
561,562,6/15/2020 13:44,304.22|304.23|304.22|304.24|304.27|304.2|304.19|304.27|304.22|304.25|304.21|304.18|304.17
562,563,6/15/2020 13:45,304.12|304.07|304.09|304.03|304.05|304.12|304.09|304.09|304.14|304.12|304.04|304.06
563,564,6/15/2020 13:46,304.12|304.07|304.09|304.03|304.05|304.12|304.09|304.09|304.14|304.12|304.04|304.06
564,565,6/15/2020 13:47,304.01|303.98|303.97|303.9|303.97|303.94|303.95|303.91
565,566,6/15/2020 13:48,303.97|303.9|303.97|303.94|303.95|303.91
566,567,6/15/2020 13:49,303.77|303.83
567,568,6/15/2020 13:50,304.01|303.98|303.97|304.07|303.97|304.03|304.05|304.02|304.04|304.06
568,569,6/15/2020 13:51,304.12|304.09|304.2|304.19|304.12|304.09|304.09|304.14|304.12|304.18|304.17
569,570,6/15/2020 13:52,304.22|304.23|304.22|304.24|304.27|304.2|304.19|304.27|304.22|304.25|304.21
570,571,6/15/2020 13:53,304.43|304.52|304.5|304.51|304.52|304.45|304.41|304.44|304.46|304.45|304.51|304.48|304.46
571,572,6/15/2020 13:54,304.22|304.23|304.22|304.24|304.27|304.2|304.19|304.27|304.22|304.25|304.21|304.18|304.17
572,573,6/15/2020 13:55,304.12|304.07|304.09|304.12|304.09|304.09|304.14|304.12|304.18|304.17|304.06
573,574,6/15/2020 13:56,304.12|304.22|304.23|304.22|304.24|304.2|304.19|304.12|304.22|304.14|304.21|304.12|304.18|304.17
574,575,6/15/2020 13:57,304.12|304.22|304.23|304.22|304.2|304.19|304.12|304.22|304.14|304.21|304.12|304.18|304.17
575,576,6/15/2020 13:58,304.01|303.98|304.07|304.09|304.03|304.05|304.09|304.09|304.02|304.04|304.06
576,577,6/15/2020 13:59,304.01|304.12|304.07|304.09|304.03|304.05|304.12|304.09|304.09|304.02|304.12|304.04|304.06
577,578,6/15/2020 14:00,305.24|305.2|305.25|305.2|305.21
578,579,6/15/2020 14:01,305.91|305.9|305.95
579,580,6/15/2020 14:02,306.26|306.32|306.29|306.3|306.31
580,581,6/15/2020 14:03,306.26|306.32|306.29|306.3|306.31|306.35
581,582,6/15/2020 14:04,306.57|306.56|306.57|306.58|306.53
582,583,6/15/2020 14:05,306.96|306.95|306.94|306.96|306.91|306.91|306.94|306.98|306.98|306.9
583,584,6/15/2020 14:06,307.14|307.08|307.15|307.18|307.16|307.08|307.14|307.16|307.1|307.2
584,585,6/15/2020 14:07,307.41|307.42|307.36|307.42|307.46|307.39|307.39|307.45|307.46|307.46|307.42|307.42|307.45|307.43|307.38|307.47
585,586,6/15/2020 14:08,307.26|307.24|307.31|307.31|307.21|307.25|307.25|307.22|307.26|307.29|307.23|307.22|307.3|307.27|307.27|307.21|307.2|307.24
586,587,6/15/2020 14:09,306.96|306.95|306.94|306.96|306.91|306.91|306.94|306.98|306.98|306.9
587,588,6/15/2020 14:10,307.14|307.08|307.03|307.08|307.03|307.14|307.03|307.05|307.03|307.1|307.05
588,589,6/15/2020 14:11,306.7|306.76|306.68|306.74|306.73|306.68
589,590,6/15/2020 14:12,306.96|306.95|306.94|306.96|306.91|306.91|306.94|306.98|306.98|306.9|306.88
590,591,6/15/2020 14:13,307.14|307.15|307.18|307.16|307.21|307.14|307.21|307.16|307.1|307.2
591,592,6/15/2020 14:14,307.14|307.15|307.18|307.16|307.24|307.21|307.14|307.22|307.23|307.22|307.21|307.16|307.2|307.24
592,593,6/15/2020 14:15,307.69|307.63|307.67|307.65|307.71|307.7|307.65|307.64|307.7|307.72|307.72|307.75
593,594,6/15/2020 14:16,307.77|307.78|307.79|307.77|307.71|307.72|307.72|307.75|307.77|307.8
594,595,6/15/2020 14:17,308.07|308.07|308.07
595,596,6/15/2020 14:18,308.07|308.07|308.07
596,597,6/15/2020 14:19,307.98|307.98|307.94|307.92|307.95|307.95
597,598,6/15/2020 14:20,307.89|307.94|307.9|307.86|307.92|307.85|307.95|307.89|307.95|307.84|307.87|307.84
598,599,6/15/2020 14:21,307.77|307.78|307.79|307.77|307.72|307.72|307.75|307.77|307.8|307.84|307.84
599,600,6/15/2020 14:22,307.41|307.42|307.36|307.42|307.46|307.39|307.39|307.45|307.46|307.46|307.42|307.42|307.45|307.43|307.38|307.47|307.48
600,601,6/15/2020 14:23,307.69|307.63|307.67|307.61|307.65|307.6|307.62|307.61|307.6|307.59|307.65|307.64|307.61
601,602,6/15/2020 14:24,307.98|307.98|307.94|307.92|307.95|307.95
602,603,6/15/2020 14:25,308.07|308.07|308.07
603,604,6/15/2020 14:26,307.98|307.89|307.98|307.94|307.9|307.92|307.95|307.89|307.95
604,605,6/15/2020 14:27,307.77|307.78|307.79|307.77|307.75|307.77|307.8|307.85|307.84|307.84
605,606,6/15/2020 14:28,307.77|307.78|307.79|307.77|307.71|307.72|307.72|307.75|307.77|307.8
606,607,6/15/2020 14:29,307.89|307.94|307.9|307.86|307.92|307.85|307.95|307.89|307.95|307.84|307.87|307.84
607,608,6/15/2020 14:30,307.69|307.63|307.67|307.61|307.65|307.71|307.7|307.62|307.61|307.65|307.64|307.61|307.7|307.72|307.72
608,609,6/15/2020 14:31,307.14|307.15|307.18|307.16|307.21|307.14|307.22|307.22|307.21|307.16|307.1|307.2
609,610,6/15/2020 14:32,307.41|307.42|307.36|307.33|307.42|307.39|307.31|307.39|307.31|307.33|307.34|307.42|307.42|307.34|307.3|307.38
610,611,6/15/2020 14:33,307.36|307.33|307.39|307.31|307.39|307.31|307.33|307.34|307.29|307.34|307.3|307.27|307.27|307.38
611,612,6/15/2020 14:34,306.96|306.95|306.94|306.96|306.91|306.91|306.94|306.98|306.98|306.9
612,613,6/15/2020 14:35,307.26|307.18|307.24|307.21|307.25|307.25|307.22|307.26|307.29|307.23|307.22|307.3|307.27|307.27|307.21|307.2|307.24
613,614,6/15/2020 14:36,307.41|307.42|307.36|307.42|307.46|307.39|307.39|307.45|307.46|307.46|307.42|307.42|307.45|307.43|307.38|307.47|307.48
614,615,6/15/2020 14:37,307.41|307.42|307.42|307.46|307.52|307.51|307.45|307.46|307.46|307.42|307.52|307.42|307.45|307.43|307.51|307.5|307.51|307.47|307.5|307.48
615,616,6/15/2020 14:38,307.41|307.42|307.36|307.33|307.42|307.39|307.39|307.45|307.33|307.34|307.42|307.42|307.34|307.45|307.43|307.38
616,617,6/15/2020 14:39,307.26|307.36|307.33|307.31|307.31|307.33|307.34|307.25|307.25|307.26|307.29|307.34|307.3|307.27|307.27
617,618,6/15/2020 14:40,307.53|307.52|307.51|307.52|307.59|307.51|307.5|307.51|307.53|307.47|307.5|307.48
618,619,6/15/2020 14:41,307.46|307.53|307.52|307.51|307.46|307.46|307.52|307.51|307.5|307.51|307.53|307.47|307.5|307.48
619,620,6/15/2020 14:42,307.63|307.67|307.61|307.65|307.6|307.62|307.61|307.6|307.59|307.65|307.64|307.61
620,621,6/15/2020 14:43,307.46|307.53|307.52|307.51|307.45|307.46|307.46|307.52|307.45|307.51|307.5|307.51|307.53|307.47|307.5|307.48
621,622,6/15/2020 14:44,307.08|307.03|306.98|306.98|307.08|307.03|307.03|307.05|307.03|307.05
622,623,6/15/2020 14:45,307.41|307.42|307.36|307.33|307.42|307.39|307.39|307.45|307.33|307.34|307.42|307.42|307.34|307.45|307.43|307.38
623,624,6/15/2020 14:46,307.41|307.42|307.42|307.46|307.39|307.51|307.39|307.45|307.46|307.46|307.42|307.42|307.45|307.43|307.51|307.5|307.51|307.47|307.5|307.48
624,625,6/15/2020 14:47,307.26|307.36|307.33|307.31|307.31|307.33|307.34|307.25|307.25|307.26|307.29|307.34|307.3|307.27|307.27
625,626,6/15/2020 14:48,307.26|307.15|307.18|307.16|307.24|307.21|307.25|307.25|307.22|307.26|307.23|307.22|307.27|307.27|307.21|307.16|307.2|307.24
626,627,6/15/2020 14:49,307.36|307.33|307.39|307.31|307.39|307.31|307.33|307.34|307.29|307.34|307.3|307.27|307.27|307.38
627,628,6/15/2020 14:50,307.36|307.33|307.39|307.31|307.39|307.31|307.33|307.34|307.29|307.34|307.3|307.38
628,629,6/15/2020 14:51,306.81|306.76|306.78|306.87|306.86|306.79
629,630,6/15/2020 14:52,306.7|306.81|306.76|306.74|306.78|306.73|306.79
630,631,6/15/2020 14:53,306.7|306.68|306.74|306.73|306.68
631,632,6/15/2020 14:54,306.7|306.76|306.68|306.74|306.78|306.73|306.68|306.79
632,633,6/15/2020 14:55,306.96|306.95|306.94|306.96|306.91|306.91|306.94|306.87|306.86|306.9|306.88
633,634,6/15/2020 14:56,306.81|306.76|306.74|306.78|306.73|306.79
634,635,6/15/2020 14:57,306.96|306.95|306.94|306.96|306.91|306.91|306.94|306.87|306.86|306.9|306.88
635,636,6/15/2020 14:58,306.96|306.95|306.94|306.96|306.91|306.91|306.94|306.98|306.98|306.9|306.88
636,637,6/15/2020 14:59,306.7|306.76|306.68|306.74|306.78|306.73|306.68|306.79
637,638,6/15/2020 15:00,306.96|306.95|306.94|306.96|307.03|306.94|306.98|306.98|307.03|307.03|307.03
638,639,6/15/2020 15:01,307.26|307.24|307.31|307.31|307.21|307.25|307.25|307.22|307.26|307.29|307.23|307.22|307.3|307.27|307.27|307.21|307.2|307.24
639,640,6/15/2020 15:02,307.41|307.42|307.42|307.46|307.52|307.51|307.45|307.46|307.46|307.42|307.52|307.42|307.45|307.43|307.51|307.5|307.51|307.47|307.5|307.48
640,641,6/15/2020 15:03,307.69|307.63|307.67|307.61|307.65|307.6|307.71|307.7|307.62|307.61|307.6|307.59|307.65|307.64|307.61|307.7
641,642,6/15/2020 15:04,307.41|307.42|307.42|307.46|307.52|307.51|307.45|307.46|307.46|307.42|307.52|307.42|307.45|307.43|307.51|307.5|307.51|307.47|307.5|307.48
642,643,6/15/2020 15:05,306.96|306.95|306.94|306.96|307.03|306.94|306.98|306.98|307.03|307.03|307.03
643,644,6/15/2020 15:06,307.14|307.08|307.03|307.08|307.03|307.14|307.03|307.05|307.03|307.1|307.05
644,645,6/15/2020 15:07,307.08|307.03|306.98|306.98|307.08|307.03|307.03|307.05|307.03|307.05
645,646,6/15/2020 15:08,307.26|307.24|307.31|307.31|307.21|307.25|307.25|307.22|307.26|307.29|307.23|307.22|307.3|307.27|307.27|307.21|307.2|307.24
646,647,6/15/2020 15:09,307.14|307.08|307.15|307.18|307.16|307.08|307.14|307.16|307.1|307.2
647,648,6/15/2020 15:10,307.41|307.42|307.36|307.42|307.46|307.39|307.39|307.45|307.46|307.46|307.42|307.42|307.45|307.43|307.38|307.47|307.48
648,649,6/15/2020 15:11,307.46|307.53|307.52|307.51|307.46|307.46|307.52|307.51|307.5|307.51|307.53|307.47|307.5|307.48
649,650,6/15/2020 15:12,307.26|307.18|307.16|307.24|307.21|307.25|307.25|307.22|307.26|307.23|307.22|307.27|307.27|307.21|307.16|307.2|307.24
650,651,6/15/2020 15:13,307.26|307.24|307.31|307.31|307.21|307.25|307.25|307.22|307.26|307.29|307.23|307.22|307.3|307.27|307.27|307.21|307.2|307.24
651,652,6/15/2020 15:14,307.26|307.33|307.24|307.31|307.31|307.33|307.34|307.25|307.25|307.26|307.29|307.34|307.23|307.3|307.27|307.27|307.24
652,653,6/15/2020 15:15,307.41|307.42|307.36|307.42|307.46|307.39|307.39|307.45|307.46|307.46|307.42|307.42|307.45|307.43|307.38|307.47|307.48
653,654,6/15/2020 15:16,307.36|307.33|307.39|307.31|307.39|307.31|307.33|307.34|307.29|307.34|307.3|307.38
654,655,6/15/2020 15:17,307.26|307.18|307.24|307.21|307.25|307.25|307.22|307.26|307.29|307.23|307.22|307.27|307.27|307.21|307.2|307.24
655,656,6/15/2020 15:18,306.81|306.91|306.91|306.87|306.86|306.9|306.88
656,657,6/15/2020 15:19,306.81|306.91|306.91|306.87|306.86|306.9|306.88
657,658,6/15/2020 15:20,306.96|306.95|306.94|306.96|306.91|306.91|306.94|306.87|306.86|306.9|306.88
658,659,6/15/2020 15:21,306.26|306.32|306.29|306.3|306.31|306.35
659,660,6/15/2020 15:22,306.57|306.56|306.57|306.58|306.53|306.5
660,661,6/15/2020 15:23,306.7|306.68|306.74|306.73|306.68
661,662,6/15/2020 15:24,306.81|306.76|306.74|306.78|306.73|306.79
662,663,6/15/2020 15:25,306.94|306.91|306.91|306.94|306.87|306.86|306.9|306.88
663,664,6/15/2020 15:26,306.26|306.32|306.29|306.3|306.31|306.35
664,665,6/15/2020 15:27,306.19|306.13
665,666,6/15/2020 15:28,306.02
666,667,6/15/2020 15:29,305.91|305.9|305.95
667,668,6/15/2020 15:30,305.76|305.78|305.8
668,669,6/15/2020 15:31,305.51|305.47
669,670,6/15/2020 15:32,305.44|305.47
670,671,6/15/2020 15:33,305.24|305.2|305.25|305.2|305.21|305.27|305.31
671,672,6/15/2020 15:34,305.24|305.2|305.25|305.2|305.21
672,673,6/15/2020 15:35,305.1|305.07
673,674,6/15/2020 15:36,304.87|304.8|304.92|304.88|304.91|304.88|304.86
674,675,6/15/2020 15:37,305.24|305.2|305.25|305.2|305.21|305.27
675,676,6/15/2020 15:38,305.51|305.44|305.47
676,677,6/15/2020 15:39,305.24|305.25|305.21|305.27|305.31
677,678,6/15/2020 15:40,305.03|305.1|305.07
678,679,6/15/2020 15:41,305.25|305.27|305.31
679,680,6/15/2020 15:42,305.61|305.61|305.66|305.65
680,681,6/15/2020 15:43,305.61|305.61|305.66|305.65
681,682,6/15/2020 15:44,305.61|305.61|305.66|305.65|305.69
682,683,6/15/2020 15:45,305.61|305.61|305.66|305.65|305.69
683,684,6/15/2020 15:46,305.76|305.78|305.8
684,685,6/15/2020 15:47,305.91|305.9|305.95
685,686,6/15/2020 15:48,305.66|305.65|305.69
686,687,6/15/2020 15:49,305.76|305.78|305.8
687,688,6/15/2020 15:50,306.19|306.13
688,689,6/15/2020 15:51,306.57|306.56|306.57|306.58|306.53
689,690,6/15/2020 15:52,306.57|306.56|306.57|306.58|306.53
690,691,6/15/2020 15:53,306.57|306.56|306.57|306.58|306.53|306.47|306.5
691,692,6/15/2020 15:54,306.26|306.32|306.29|306.3|306.31|306.35
692,693,6/15/2020 15:55,306.53|306.47|306.5|306.41
693,694,6/15/2020 15:56,306.56|306.53|306.47|306.5
694,695,6/15/2020 15:57,306.47|306.41|306.35
695,696,6/15/2020 15:58,306.32|306.29|306.3|306.31|306.41|306.35
696,697,6/15/2020 15:59,307.08|307.03|306.98|306.98|307.08|307.03|307.03|307.05|307.03|307.05
697,698,6/15/2020 16:00,307.08|307.03|307.08|307.03|307.03|307.05|307.03|307.1|307.05
698,699,6/15/2020 16:15,307.26|307.18|307.16|307.24|307.21|307.25|307.25|307.22|307.26|307.23|307.22|307.27|307.27|307.21|307.16|307.2|307.24
699,700,6/15/2020 16:16,307.26|307.36|307.33|307.24|307.31|307.31|307.33|307.34|307.25|307.25|307.26|307.29|307.34|307.3|307.27|307.27|307.24
700,701,6/15/2020 16:17,307.26|307.33|307.24|307.31|307.31|307.21|307.33|307.25|307.25|307.22|307.26|307.29|307.23|307.22|307.3|307.27|307.27|307.21|307.24
701,702,6/15/2020 16:18,307.26|307.33|307.24|307.31|307.31|307.21|307.33|307.25|307.25|307.22|307.26|307.29|307.23|307.22|307.3|307.27|307.27|307.21|307.24
702,703,6/15/2020 16:19,307.26|307.15|307.18|307.16|307.24|307.21|307.25|307.25|307.22|307.26|307.23|307.22|307.27|307.27|307.21|307.16|307.2|307.24
703,704,6/15/2020 16:20,307.14|307.15|307.18|307.16|307.21|307.14|307.22|307.22|307.21|307.16|307.1|307.2
704,705,6/15/2020 16:21,307.08|307.03|306.98|306.98|307.08|307.03|307.03|307.05|307.03|307.05
705,706,6/15/2020 16:22,307.14|307.08|307.15|307.16|307.08|307.14|307.05|307.16|307.1|307.05
706,707,6/15/2020 16:23,307.14|307.26|307.15|307.18|307.16|307.24|307.21|307.25|307.25|307.14|307.22|307.26|307.23|307.22|307.21|307.16|307.2|307.24
707,708,6/15/2020 16:24,307.26|307.18|307.24|307.21|307.25|307.25|307.22|307.26|307.29|307.23|307.22|307.3|307.27|307.27|307.21|307.2|307.24
708,709,6/15/2020 16:25,307.41|307.42|307.42|307.46|307.39|307.51|307.39|307.45|307.46|307.46|307.42|307.42|307.45|307.43|307.51|307.5|307.51|307.47|307.5|307.48
709,710,6/15/2020 16:26,307.63|307.61|307.65|307.6|307.62|307.61|307.6|307.59|307.65|307.64|307.61
710,711,6/15/2020 16:27,307.41|307.42|307.42|307.46|307.39|307.39|307.45|307.46|307.46|307.42|307.42|307.45|307.43|307.38|307.47|307.48
711,712,6/15/2020 16:28,307.41|307.42|307.36|307.33|307.42|307.39|307.39|307.33|307.34|307.42|307.42|307.34|307.43|307.38
712,713,6/15/2020 16:29,307.69|307.77|307.77|307.67|307.65|307.71|307.7|307.65|307.7|307.72|307.72|307.75|307.77
713,714,6/15/2020 16:30,307.69|307.67|307.65|307.71|307.7|307.65|307.64|307.7|307.72|307.72|307.75
714,715,6/15/2020 16:31,307.63|307.67|307.61|307.65|307.6|307.62|307.61|307.6|307.59|307.65|307.64|307.61
715,716,6/15/2020 16:32,307.63|307.67|307.61|307.65|307.6|307.62|307.61|307.6|307.59|307.65|307.64|307.61
716,717,6/15/2020 16:33,307.63|307.61|307.65|307.6|307.62|307.61|307.6|307.59|307.65|307.64|307.61
717,718,6/15/2020 16:34,307.63|307.53|307.61|307.65|307.6|307.62|307.61|307.6|307.59|307.65|307.64|307.61|307.53
718,719,6/15/2020 16:35,307.69|307.63|307.67|307.61|307.65|307.6|307.71|307.7|307.62|307.61|307.6|307.59|307.65|307.64|307.61|307.7
719,720,6/15/2020 16:36,307.69|307.63|307.67|307.61|307.65|307.6|307.7|307.62|307.61|307.6|307.59|307.65|307.64|307.61|307.7
720,721,6/15/2020 16:37,307.63|307.67|307.61|307.65|307.6|307.62|307.61|307.6|307.59|307.65|307.64|307.61
721,722,6/15/2020 16:38,307.46|307.53|307.52|307.51|307.45|307.46|307.46|307.52|307.45|307.51|307.5|307.51|307.53|307.47|307.5|307.48
722,723,6/15/2020 16:39,307.46|307.53|307.52|307.51|307.45|307.46|307.46|307.52|307.45|307.51|307.5|307.51|307.53|307.47|307.5|307.48
723,724,6/15/2020 16:40,307.46|307.53|307.52|307.51|307.45|307.46|307.46|307.52|307.45|307.51|307.5|307.51|307.53|307.47|307.5|307.48
724,725,6/15/2020 16:41,307.53|307.52|307.51|307.52|307.59|307.51|307.5|307.51|307.53|307.47|307.5|307.48
725,726,6/15/2020 16:42,307.41|307.42|307.42|307.46|307.53|307.52|307.51|307.45|307.46|307.46|307.42|307.52|307.42|307.45|307.43|307.51|307.5|307.51|307.53|307.47|307.5|307.48
726,727,6/15/2020 16:43,307.46|307.53|307.52|307.51|307.45|307.46|307.46|307.52|307.45|307.51|307.5|307.51|307.53|307.47|307.5|307.48
727,728,6/15/2020 16:44,307.42|307.42|307.46|307.53|307.52|307.51|307.45|307.46|307.46|307.42|307.52|307.42|307.45|307.43|307.51|307.5|307.51|307.53|307.47|307.5|307.48
728,729,6/15/2020 16:45,307.69|307.67|307.65|307.71|307.7|307.65|307.64|307.7|307.72|307.72|307.75
729,730,6/15/2020 16:46,307.69|307.77|307.78|307.77|307.67|307.71|307.7|307.7|307.72|307.72|307.75|307.77
730,731,6/15/2020 16:47,307.69|307.77|307.78|307.77|307.67|307.71|307.7|307.7|307.72|307.72|307.75|307.77
731,732,6/15/2020 16:48,307.69|307.77|307.78|307.79|307.77|307.71|307.7|307.7|307.72|307.72|307.75|307.77|307.8
732,733,6/15/2020 16:49,307.89|307.9|307.86|307.92|307.8|307.85|307.89|307.84|307.87|307.84
733,734,6/15/2020 16:50,307.98|307.89|307.98|307.94|307.9|307.86|307.92|307.95|307.89|307.95|307.87
734,735,6/15/2020 16:51,307.77|307.78|307.79|307.77|307.71|307.72|307.72|307.75|307.77|307.8
735,736,6/15/2020 16:52,307.77|307.78|307.79|307.77|307.75|307.86|307.77|307.8|307.85|307.84|307.84
736,737,6/15/2020 16:53,307.89|307.79|307.9|307.86|307.8|307.85|307.89|307.84|307.87|307.84
737,738,6/15/2020 16:54,307.08|307.03|307.08|307.03|307.03|307.05|307.03|307.1|307.05
738,739,6/15/2020 16:55,307.98|307.89|307.98|307.94|307.9|307.92|307.95|307.89|307.95
739,740,6/15/2020 16:56,307.89|307.94|307.9|307.86|307.92|307.85|307.95|307.89|307.95|307.84|307.87|307.84
740,741,6/15/2020 16:57,307.98|307.89|307.98|307.94|307.9|307.92|307.95|307.89|307.95
741,742,6/15/2020 16:58,307.89|307.78|307.79|307.9|307.86|307.8|307.85|307.89|307.84|307.87|307.84
742,743,6/15/2020 16:59,307.89|307.9|307.86|307.92|307.85|307.89|307.84|307.87|307.84
743,744,6/15/2020 17:00,307.89|307.78|307.79|307.9|307.86|307.8|307.85|307.89|307.84|307.87|307.84
